Date,1,2,3,4,5,6,7,8,9,10,11,12,13,14,15,16,17,18,19,20,21,22,23,24
1/1/2012,21334.84,20494.78,19844.38,19432.68,19249.05,19212.3,20050.05,20675.46,21741.24,22284.07,22268.77,22460.83,21869.46,22019.12,21744.92,22252.02,23133.78,25605.64,26525.77,26579.26,26076.84,24785.03,23698.88,21718
1/2/2012,20514.2,19628.12,19244.34,18971.5,18909.62,19137.67,20241.09,20917.76,21737.85,22792.46,22842.27,22829.83,22688.49,22693.19,22074.25,22502.67,23326.34,26315.57,26968.84,26901.31,26167.2,24866.68,23820.52,21964.87
1/3/2012,20244.45,19444.24,19241.48,19150.97,19582.88,21171.52,23171.39,24940.58,25595.75,26172.63,26109.04,26261.38,25912.19,26129.87,25620.79,25472.62,25731.33,28282.8,28855.06,28660.69,27960.43,26264.54,24310.63,22244.48
1/4/2012,20875.4,20075.78,19700.47,19680.3,20139.7,21341.75,24144.49,25255.39,25768.83,26834.25,26862.29,26576.34,26194.73,26440.84,25994.05,26003.14,26313.08,29113.77,29582.56,29227.36,28348.39,26610.81,24791.44,22476.99
1/5/2012,21419.09,20588.74,20174.65,20064.69,20268.85,21606.58,23919.53,25109.03,25901.57,26914.86,26721.68,26456.44,26201.71,26432.85,26056.98,26173.08,26399.98,28959.34,29360.85,29005.97,28251.35,26784.34,24810.23,22667.34
1/6/2012,21548.71,20584.91,20167.63,20066.39,20576.49,21678.75,23724.32,24873.74,25738.4,26365.77,26170.65,25728.42,25345.51,25420.42,24964.28,25064.59,25505.59,28133.15,28518.37,27931.63,27169.6,25816.54,24335.42,22677.17
1/7/2012,21642.99,20713.86,20151.62,19849.78,19808.02,20235.01,20859.44,21622.65,22727.17,23593.98,23457.2,22939.41,22776.25,22170.13,21720.2,22055.55,22464.69,25671.24,26514.21,26248.99,25825.2,24939.72,23691.9,22228.67
1/8/2012,20887.18,20085.15,19665.04,19394.77,19224.77,19244.38,19819.3,20445.28,21114.41,21950.15,21585.9,21664.3,21387.47,21408.49,21114.01,21383.83,21954.54,25492.92,26221.13,26452.58,25988.02,24732.91,23283.1,21743.26
1/9/2012,20497.63,19887.36,19706.53,19794.17,20218.41,21583.21,23737.21,25263.37,26144.04,26522.18,26519.73,26348.64,26060.55,26226.16,25833.7,25822.87,25918.56,28952.29,29485.11,29028.14,28254.65,26538.57,24448.07,22517.34
1/10/2012,21521.48,20798.68,20464.75,20450,20849.94,22228.29,24888.02,26403.24,26743.27,27300.08,26787.78,26723.51,26309.51,26130.4,25721.15,25633.52,26177.74,28744.35,29621.86,29188.51,28526.89,27097.51,24963.79,22992.02
1/11/2012,21575.7,20797.41,20459.1,20365.99,20781.7,22100.26,24606.68,25908.45,26584.79,27238.57,26775.09,26455.46,26109.33,25897.65,25428.22,25626.72,26149.88,28721.41,29514.35,29116.45,28395.35,27039.72,25242.81,23215.54
1/12/2012,21865.48,20966.32,20634.22,20579.54,20971.68,22083.42,24461.5,25544.32,25768.12,26463,26198.51,25978.09,25922.92,26420.67,26025.58,26109.21,26103.21,28368.1,29516.69,29094.74,28280.56,26634.31,24823.95,22847.29
1/13/2012,21701.57,20928.42,20555.63,20479.52,20529.79,21757.82,24418.76,25867.84,26126.23,26480.66,26393.93,26275.89,25863.15,25979.88,25527.72,25588.03,25746.71,28117.98,28771.64,28246.82,27511.4,25947.99,24687.61,22710.85
1/14/2012,21533.04,20791.06,20281.99,19944.58,20198.99,20511.51,21302.92,22485.33,23443.67,24043.11,23790.86,23406.07,23340.01,23121.47,22354.27,22579.35,23378.35,26305.29,27138.92,26827.66,26281.42,25182.52,23783.08,22061.44
1/15/2012,20824.92,19914.74,19518.66,19229.52,19166.7,19247.61,20286.51,21292.55,22120.44,23151.31,22998.56,23014.85,22702.56,22670.53,22465.13,22663.33,23471.46,26554.49,27511.64,27531.96,26868.19,25356.53,23681.16,21828.15
1/16/2012,20762.99,19908.84,19703.44,19661.41,20102.71,21650.92,23876.78,25736.47,26500.86,27200.31,27357.7,27206.99,26761.52,26389.15,25733.24,25862.18,26655.21,29287.52,30201.07,29984.89,29345.22,27616.46,25427.18,23278.09
1/17/2012,21980.03,21219.18,20783.72,20692.47,21418.72,22840.53,25308.38,26735.15,27011.57,27216.62,27044.21,26793.58,26211.78,26305.72,25698.15,25921.4,26235.98,29331.4,30319.18,29829.08,29352.58,27243.71,25465.03,23308.84
1/18/2012,21964.36,21248.32,20969.26,20937.64,21378.75,22699.31,25494.38,26877.58,27057.8,27213.3,27048.2,26741.89,26107.74,26164.82,25645.68,25657.18,25857.64,28238.33,29716.25,29383.19,28785.88,26947.65,25158.77,22952.23
1/19/2012,21830.93,21095.06,20794.01,20691.7,20993.86,22355.38,25249.65,26701.67,26962.64,27170.94,27046.65,26835.88,26284.28,26343.31,25799.61,25911,26100.95,28353.02,29546.87,29201.07,28565.54,26652.87,24946.26,22815.54
1/20/2012,21601.07,20783.01,20337.17,20234.86,20752.07,21924,24367.41,25933.9,26416.35,26827.28,26762.31,26549.01,26038.31,26062.83,25483.28,25642.63,25804.08,27980.43,28778.67,28039.55,27407.34,26365.43,24650.97,22614.28
1/21/2012,21448.13,20448.98,19859.02,19514.99,19599.05,20281.68,21361.44,22271.23,23187.83,23891.84,23903.18,23848.25,23501.26,23486.4,23232.32,23236.24,23566.16,26070.6,26848.49,26827.74,26427.86,25364.34,23870.61,22209.53
1/22/2012,20950.36,20018.68,19636.37,19465.71,19479.35,19493.83,20120.66,20834,21957.54,22590.71,22523.96,22434.47,22116.74,22123.06,21972.9,22182.18,23113.19,25583.49,26758.07,26880.98,26612.4,25615.29,23527.56,21707.19
1/23/2012,20418.66,19712.98,19389.56,19365.99,19989.28,21629.2,23832.14,25534.28,26355.77,26991.7,27209.81,27132.8,26610.36,26580.78,26011.08,26079.59,26529.97,28807.17,30026.71,29744.11,28928.56,27214.86,25007.2,22775.24
1/24/2012,20930.98,20259.49,20039.53,19995.5,20233.78,21606.54,24356.09,25767.29,26254.13,26822.27,26492.62,26370.71,26297.39,26008.65,25893.25,25662.95,25836.12,28011.42,29163.78,28907.67,28319.66,26679.57,24570.22,22486.77
1/25/2012,21249.47,20567.47,20225.26,20115.63,20461.55,21811.9,24547.99,26411.62,26780.71,27000.71,27149.74,27389.47,26853.88,26978.76,26748.26,26439.7,26756.98,28671.99,29708.06,29367.89,28594.05,26875.4,24789.48,22546.24
1/26/2012,21249.88,20590.42,20050.51,19951.7,20380.56,21868.08,24288.67,25708.44,26486.51,26640.28,26844.89,27020.38,26580.34,26592.59,26529.66,26472.87,26275.05,28034.35,28862.96,28462.36,27852.51,26426.79,24832.15,22511.88
1/27/2012,21047.3,20259.17,19808.84,19704.06,19996.2,20873.72,23208.57,24289.12,25146.74,25579.16,25791.36,25784.22,25211.24,25361.41,25187.19,25098.24,25177.86,26841.01,27621.43,27239.74,26406.86,25083.84,23784.92,22057.15
1/28/2012,20910.42,20163.35,19696.69,19422.63,19322.25,19532.13,21035.92,21694.92,22507.75,23337.26,23425.2,23480.55,23068.26,23016.99,22607.05,22644.25,22801.95,24796.77,26042.1,25926.15,25349.44,24362.96,23187.12,21511.11
1/29/2012,20518.08,19852.37,19412.54,19158.3,18839.71,18880.43,19999.43,20618.71,21236.72,21839.99,21980.59,22016.25,21736.91,21754.34,21622.68,21811.06,22239.07,24942.89,26105.28,26250.63,25834.48,24606.51,22467.8,20954.08
1/30/2012,20101.43,19441.53,19202.89,19225.96,19878.77,21117.94,23706.19,25213.11,25885.81,26290.77,26427.8,26475.81,26122.85,26231.84,25733.64,25841.74,25606.05,28025.27,29075.8,28647.96,27802.61,26204.75,24145.25,22097.51
1/31/2012,20997.79,20401.21,20019.58,19976.26,20414.24,21946.35,24721.76,25666.57,26248.1,26407.51,26213.51,26359.28,25972.08,25746.96,25589.19,25497.47,25691.16,27819.6,28672.01,28544.88,27702.26,25980.68,24294.94,22209.32
2/1/2012,21167.86,20412.93,20054.86,19991.37,20420.41,21603.31,24376.34,25890.19,26350.23,26571.45,26522.34,26802.18,26142.48,26129.73,26216.51,25978.85,25995.07,27600.93,28707.42,28553.32,27694.82,25979.03,24266.27,22440.96
2/2/2012,21597.14,20864.68,20472.1,20344.06,20986.23,22078.41,25208.99,26373.5,26073.08,26205.45,26370.07,26345.6,25903.98,25787.4,25699.96,25515.99,25193.2,27152.26,28385.57,28048.3,27327.96,26066.21,24033.99,22486.1
2/3/2012,21567.6,20823.23,20408.97,20267.03,20690.58,22112.71,25049.86,26251.97,26497.09,26630.96,26693.05,26494.53,26205.86,26119.01,25834.18,25420.66,25241.66,26899.39,28129.64,27192.99,26500.78,25600.55,24069.13,22579.03
2/4/2012,21681.93,20837.69,20358.64,20015.27,20062.74,20932.48,22009.13,23016.99,23819,23705.02,23899.9,23786.75,23702.84,23335.64,23017.36,23023.24,23049.95,25057.73,26512.25,26174.91,25655.87,24674.37,23247.62,21975.59
2/5/2012,21039.2,20282.77,19780.68,19486.99,19483.14,19909.48,20817.49,21391.91,21854.79,22158.97,22385.92,22397.92,22278.32,22104.83,21958.25,21913.98,22241.76,24826.47,25848.64,26000.48,25409.51,24419.4,22629.23,21216.95
2/6/2012,20170,19549.94,19272.01,19319.4,19857.53,21462.01,23997.43,25525.19,25954.12,26050.72,26626.68,26622.74,26487.33,26290.71,26196.98,25953.57,26023.93,27745.42,28783.13,28581.47,27637.1,26163.63,23828.16,22023.62
2/7/2012,20488.27,19666.95,19318.34,19267.63,19641.56,20974.33,24820.18,26142.97,26099.78,26459.6,26719.03,26743.46,26547.87,26483.38,26021.06,25758.46,25755.17,27410.52,28639.9,28467.88,27686.28,25873.63,23885.84,21929.57
2/8/2012,20460.49,19636.26,19298.22,19181.48,19536.89,20868.78,24525.19,25731.76,25940.01,26141.66,26332.53,26353.67,26251.63,26043.11,25947.26,25729.28,25857.15,27550.13,28923.57,28542.04,27701.27,26167.24,24070.38,21718.67
2/9/2012,20508.01,19731.88,19243.1,19147.2,19639.8,21249.4,24449.78,25340.58,25548.13,25844.58,26051.06,26119.82,25632.51,25783.89,25758.21,25793.02,25696.8,27401.89,28881.37,28367.1,27447.38,25702.48,23611.02,21495.13
2/10/2012,20335.06,19564.73,19126.92,19022.11,19541.09,21112.97,23872.32,25339.23,25824.58,26197.63,26464.52,26466.53,26376.62,26378.33,26153.71,25892.36,25823.27,27068.36,28265.99,27501.08,26641.25,25320.53,23625.36,21667.93
2/11/2012,20326.89,19430.57,18896,18614.87,18705.52,19336.62,20502.56,21131.56,22517.99,23233.24,23362.4,23480.65,23231.74,22886.21,22646.11,22593.56,22988.87,24357.25,26063.94,25706.87,25140.68,23951.54,22787.8,21124.63
2/12/2012,19523.32,18823.67,18355.27,18185.98,18118.45,18160.27,19038.06,19689.2,20184.7,21008.74,21381.42,21638.37,21555.79,21490.75,21391.73,21767.25,22051.82,24086.94,25867.86,25965.6,25316.56,23873.55,22255.97,20677.45
2/13/2012,19412.88,18702.42,18374.89,18443.51,18854.46,20468.29,23654.61,24959.81,25747.29,26210.37,26586.31,26561.28,26329.96,26188.42,25811.2,25844.12,25941.98,27551.05,29078.07,28673.09,28170.54,26379.69,24109.48,21949.32
2/14/2012,20779.66,20062.39,19641.95,19598.66,20173.62,21874.22,24716.96,25644.56,25659.7,26197.59,26288.42,26087.24,25780.47,25713.4,25364.93,25529.23,25910.77,27310.26,29006.63,28820.91,28057.02,26375.15,24224.87,22117
2/15/2012,21049.34,20220.48,19849.61,19799.78,20308.18,21566.13,24999.38,26056.54,26062.49,26552.63,26365.3,26108.05,25668.94,25713.45,25496.87,25467.98,25424.73,26602.51,28579.28,28524,28083.43,26249.42,24373.58,22198.17
2/16/2012,20777.1,20158.17,19737.52,19718.35,20133.43,21467.76,24116.68,25391.1,25609.82,25665.77,25723.47,25479.82,25503.58,25158.81,25286.89,25134.73,24759.84,25971.27,28047.44,27764.48,27279.34,25512.95,23741.84,21741.11
2/17/2012,20644.54,20024.88,19616.58,19610.73,20008.08,21265.37,23829.42,25104.91,25389.35,25515.92,25627.76,25640.61,25206.48,25392.1,25150.19,25021.7,24961.86,25739.6,27367.81,27006.49,26471.43,24930.28,23769.17,21845.19
2/18/2012,20685.77,19801.94,19271.13,18999.85,19097.36,19678.96,20217.56,21093.15,22215.55,22870.83,23088.12,22950.28,22790.25,22322.72,22044.2,22389.34,22771.36,23760.52,25743.41,25354.84,24979.46,23714.29,22722.68,21044.75
2/19/2012,19944.67,19143.81,18695.52,18396.45,18410.05,18812.79,18690.6,19367.01,20209.91,20808.04,21139.09,21139.34,20889.09,20796.44,20620.52,20982.29,21274.18,23088.84,25166.62,25522.69,25165.09,23490.38,22075.85,20283.41
2/20/2012,19373.36,18948.1,18520.04,18518.05,19252.94,20391.67,22017.49,22883.9,23803.08,24366.38,24839.04,24906,24400.37,24131.63,24101.16,24051.8,24157.16,25584.86,27814.44,27597.67,26635.21,24673.24,23145.43,21188.95
2/21/2012,20446.39,19695.23,19362.94,19343.21,19884.53,21352.5,23627.36,24784.18,25180.43,25584.93,25724.78,25600.03,25597.61,25401.76,25094.2,25153.78,25332.84,26296.69,28241.32,27974,27231.92,25340.84,23863.25,21537.52
2/22/2012,20169.61,19443.28,19165.55,19007.62,19488.19,20669.64,23393.29,24709.9,25119.5,25694.19,26080.52,26073.83,26008.81,26148.34,25964.95,25849.81,26085.56,26535.29,28859.91,28016.61,27237.15,25590.35,23484.38,21442.34
2/23/2012,20292.62,19591.6,19134.61,19052.89,19588.09,21180.43,23508.03,24761.05,25335.37,25774.67,26085.1,26133.79,25817.79,25737.37,25738.82,25528.46,25169,26567.82,27950.51,27798.61,26944.4,25022.49,23250.15,21198.09
2/24/2012,19866.12,19231.34,18740.57,18656.51,19004.69,20203.06,23027.85,24425.16,24940.65,25377.38,25573.96,25672.31,25213.86,25419.27,25146.42,25045.57,24937.97,25678.97,27153.57,26724.84,26138.48,24574.92,23254.34,21104.29
2/25/2012,19976.91,19217.59,18757.9,18637.52,18623.96,19297.31,19588.43,20516.16,21603.24,22331.63,22588.95,22533.86,22316.99,22067.22,21575.4,21791.05,21895.49,22969.99,25000.24,25103.1,24604.86,23249.83,22008.61,20421.14
2/26/2012,19500.9,18888.64,18402.26,18184.63,18065.32,18206.58,18681.94,19439.52,20487.36,21088.77,21312.89,21353.86,21245,21149.85,21241.14,21463.16,21842.78,22729.44,25166.17,25558.91,25000.06,23730.44,22386.87,20376.92
2/27/2012,19642.08,18995.63,18672.18,18767.77,19456.28,21271.39,23160.41,24617.42,25061.27,25564.33,26082.72,25902.99,25616.38,25553.11,25120.24,25078.5,25080.77,26391.72,28572.99,28597.19,27830.93,25934.16,23878.63,22001.13
2/28/2012,21080.95,20308.35,19921.76,19911.67,20575.4,22283.36,24035.49,25380.15,25802.66,25995.56,26066.92,25913.35,25482.72,25494.93,25116.74,25144.5,25139.93,26357.49,28594.5,28493.18,27855.61,26028.13,24393.93,22250.9
2/29/2012,21576.66,21142.77,20709.48,20704.42,21080.65,22118.37,24311.19,25514.56,25767.02,25960.31,26430.4,26203.3,25884.99,25767.64,25440.39,25365.2,25710,26425.77,28523.43,28498.01,27888.43,26232.5,24475.89,22515.45
3/1/2012,21681.66,21411.63,20838.64,20838.48,21296.3,22184.86,24296.92,25616.52,26075.82,26074.24,26202.42,25944.84,25437.33,25323.89,24981.68,24972.59,25018.11,25799.83,27892.13,27713.8,27347.22,25745.27,24069.72,22175.3
3/2/2012,21114.18,20631.84,20215.13,20180.44,20427.63,21618.14,23584.03,24542.49,24981.16,25076.17,25247.57,25384.23,24758.67,24996.39,24710.11,24516.48,24189.94,24728.37,26580.87,26294.05,25965.22,24477.76,23310.07,21744.17
3/3/2012,20960.34,20139.58,19459.9,19291.36,19276.49,20205.62,21083.81,21704.7,22570.09,23044.06,23112.43,23299.53,23027.78,22823.08,22596.54,22465.65,22715.47,23383.48,25408.61,25049.35,24613.37,23708.68,22259.47,21197.03
3/4/2012,20255.34,19565.76,19234.15,18809.15,18586.71,18665.89,19691.85,20214.9,20927.89,21372.02,21802.7,22075.6,22168.24,22254.52,22352.93,22280.45,22981.49,23776.41,25651.01,25829.49,25328.19,23877.46,22166.49,20527.21
3/5/2012,19964.62,19244.29,18932.87,18923.18,19494.52,21153.57,23524.31,24412.1,25299.57,25776.3,26001.91,26040.33,26019.57,26214.35,26012.67,26273.46,26519.66,26996.88,28465.46,28684.68,27575.7,26201.6,23566.85,21470.92
3/6/2012,20817.39,19844.87,19385.94,19346.04,19914.55,21475.07,23648.06,25135.01,25734.72,26139.17,26312.84,26414.19,26247.67,26086.28,25832.14,25693.34,25948.27,26562.88,28179.58,28465.71,27676.15,26274.9,24057.64,21819.01
3/7/2012,20711.75,19912.02,19466.94,19494.95,19929.43,21276.74,23820.01,25016.06,25868.46,26311.12,25806.56,26066.83,25687.82,25620.11,25458.28,24947.37,25314.51,25801.66,27706.99,28055.47,27619.05,25516.9,23971.48,21802.13
3/8/2012,21009.02,20417.13,20011.85,20068.27,20503.99,21721.44,23977.32,25261.68,26031.61,26656.5,26224.04,26120.01,25935.63,25951.4,25949.26,25661.39,25834.78,26137.79,28041.14,28224.14,27699.77,26025.82,24067.34,21732.17
3/9/2012,21176.79,20343.98,19941.66,19933.44,20480.12,21442.78,24302.94,25412.21,26017.78,26275.62,26507.01,26501.87,26381.24,26391.4,26261.65,26122.13,26042.87,26422.59,27591.48,27858.73,27106.95,25892.39,23975.02,21724.2
3/10/2012,20829.86,19945.39,19430,19119.15,19318.08,19794.98,20477.99,21207.63,22022.58,22410.65,22635.68,22875.73,22953.01,22895.6,22741.84,22376.21,23035.79,23774.97,25453.49,25488.3,25023.03,24171.47,22377.42,20629.28
3/11/2012,19709.9,19072.44,18767.625,18462.81,18425.88,18755.7,19110.58,19733.72,20573.75,21060.72,21152.49,21490.36,21549.52,21580.06,21284.24,21376.74,21857.12,21923.37,23203.25,24771.51,25090.66,23411.11,22099.7,20506.22
3/12/2012,19753.38,19226.31,18992.5,19045.89,19518.81,20857.8,23085.99,24795.22,25458.57,25741.15,25680.81,25365.85,25505.84,25593.2,25485.74,25300,25224.11,25253.95,26253.3,27595.08,27831.76,25894.16,24054.23,21962.26
3/13/2012,21066.82,20176.03,19642.29,19604.3,20034.54,20971.88,23553.63,24873.39,25099.28,25605.26,25994.12,25954.79,25850.96,25967.21,25651.53,25508.18,25653.35,25532.86,26490.88,27775.78,27875.08,26160.04,24570.96,22455.54
3/14/2012,20996.88,20247.68,19702.9,19538.82,19819.33,20869.37,23462.64,25102.43,25567.8,25953.38,25967.85,25713.99,25924.08,26090.14,25886.04,25800.6,25833.04,25376.4,26120.68,27401.25,27443.26,25902.98,24264.27,22171.06
3/15/2012,21145.26,20362.59,19765.36,19718.45,20136.82,21191.34,23758.8,25495.38,25681.01,26133.78,26394.41,26384.32,26499.55,26600.26,26581.13,26438.87,25954.19,25776.67,26635.94,27775.59,27728.49,26716.53,24348.5,22375.71
3/16/2012,20998.45,20076.49,19676.91,19519.66,19874.86,21286.42,23423.31,25325.2,25777.48,25940.03,26055.49,26212.65,26170.54,26115.07,26063.29,25642.46,25724.66,25204.65,25879.89,26772.44,26970.3,26212.75,24272.44,22107.16
3/17/2012,21296.39,20171.82,19544.52,19235.75,19226.05,19708.02,20427.89,21034.95,21793.34,22777.2,23079.73,22992.88,22979.31,22898.13,22607.26,22592.19,22737.38,22706.84,23798.31,25070.62,25597.91,24768.92,23464.74,21884.69
3/18/2012,20553.15,19892.84,19343.31,18979.72,18959.16,19155.25,19914.8,20891.54,21711.94,22091.11,22289.68,22586.52,22743.6,22481.47,22355.58,22640.65,23027.57,23498.34,24613.86,25956.94,26051.09,24915.89,23528.53,21857.31
3/19/2012,20828.16,20294.47,19998.69,19990.8,20544.08,21842.31,24019.74,25362.13,25581.02,25987.61,26299.86,26218.52,25839.03,25846.94,25454.87,25148.48,24982.14,25127.12,26042.69,27770.98,27849.89,26379.83,24535.82,22546.43
3/20/2012,21400.6,20692.21,20214.8,20106.49,20496.67,22166.48,24734.52,25950.19,26028.49,26241.88,26317.87,26697.62,26422.6,26337.67,26012.99,25718.3,25870.94,25218.41,26006.33,27692.65,27967.01,26647.85,24537.57,22762.37
3/21/2012,21113.47,20276.51,19930.2,19732.18,20293.54,21312.86,23575.61,25051.88,25507.36,25939.79,26166.23,26203.2,26095.76,26085.64,25786.39,25662.93,25456.46,24616.4,25758.76,27095,27479.95,26195.06,24016.55,22081.86
3/22/2012,20968.56,19988.93,19146.85,19024.22,19480.04,20973.24,23668.12,25335.82,25921.18,26427.06,26737.2,26755.25,26463.6,26346.75,26128.8,25950.49,25710.38,24883.98,25844.75,27575.12,27914.04,26673.24,24345.18,22310.24
3/23/2012,20546.08,19644.26,19231.53,19073.88,19328.5,20289.45,22696.32,24135.55,24585.56,25003.92,25220.28,25414.34,25286.36,25331.47,25241.38,24968.45,24836.9,24366.5,24693.94,26007.1,26397.28,25290.68,23751.53,21790.65
3/24/2012,20276.93,19631.11,18974.96,18704.55,18324.11,18601.46,20008.24,20530.41,21478.05,22760.61,22704.55,22661.75,22752.76,22661.62,22383.21,22518.88,22488.3,22356.98,23501.85,24419.13,24990.91,24518.3,23267.77,21798.08
3/25/2012,19955.71,19186.22,18846.57,18420.62,18268.31,18028.56,19321.13,19834.73,20362.34,21174.77,21613.51,21809.41,21553.75,21609.96,21518.84,21792.02,22227.78,22424.52,23679.34,24765.72,25476.37,24685.86,23107.16,21087.79
3/26/2012,19660.9,19068.03,18701.96,18677.06,19237.61,20679.64,23623.35,25103.98,25840.47,26415.13,26390.72,26605.92,26382.34,26275.52,26037.47,25895.39,25676.85,25462.11,26497.8,27669.87,28017.65,26836.31,24182.42,22261.41
3/27/2012,20258.15,19771.9,19786.32,19674.17,19883.91,20686.74,23883.19,25552.74,25742.21,26148.83,26384.57,26381.38,26295.7,26452.6,26254.54,26099.1,25872.05,25345.86,26425.08,28006.22,28283.01,26900.02,24644.33,22454.15
3/28/2012,21330.77,20352.17,19894.62,19694.14,20148.1,21400.42,23542.38,25716.23,25921.03,26201.39,26282.13,26292.67,26163.05,26142.49,26006.13,25888.4,25670.16,25262.42,25774.42,27915.03,28283.95,26558.55,24918.49,22914.42
3/29/2012,21222.47,20262.76,19780.14,19653.43,20124.78,21559.51,23562.7,24898.32,25219.37,25971.48,25891.11,25623.47,25597.07,25825.16,25824.36,25648.4,25677.56,25494.73,25945.3,27402.7,27841.03,26742.64,24440.31,22380.52
3/30/2012,21015.35,20199.85,19659.25,19465.98,19858.72,20488.18,22485.39,23820.56,24446.29,25122.75,25247.91,25322.39,25094.37,25210.71,25045.3,24940.69,25154.6,24528.69,24823.43,26132.83,26570.41,25793.76,24150.84,22059.26
3/31/2012,20712.3,19815.66,19333.1,19178.23,19225.78,18907.13,19832.92,20704.43,21669.99,22952.29,23067.42,23134.51,22956.86,22740.71,22418.18,22567.32,22795.83,22912.72,23393.51,24407.5,25264.26,24878.95,23576.32,21350.96
4/1/2012,20384.95,19734,19152.23,18968.14,18795.58,18471.72,19060.1,19661.6,20510.89,21124.56,21422.19,21558.47,21563.93,21424.36,21312.54,21384.81,21467.67,21865.04,22591.45,24571.74,25208.13,24066.99,22408.3,20440.55
4/2/2012,19700.06,19585.85,19274.44,19328,19640.27,20530.32,23153.7,24450.59,25033.2,25608.9,25382.44,25403.51,25385.43,25378.39,25189.73,25053.76,24848.63,24499.59,25092.71,26927.28,27406.22,26148.87,23988.29,21940.61
4/3/2012,20634.35,19938.8,19283.94,19241.58,19781.63,20753.98,23222.14,24773.54,25636.78,25885.84,26048.77,25787.64,25953.36,26090.14,25947.61,26174.25,25951.3,25862.31,25824.98,27785.82,28161.48,26814.46,24497.62,22623.11
4/4/2012,21063,20215.73,19796.97,19707.84,20172.42,21495.26,23971.92,25473.66,26007.16,26366.59,26587.43,26649.71,26447.07,26590.76,26050.59,25838.44,25586.24,25371.38,25410.23,26934.7,27618.03,26393.72,24093.19,22362.28
4/5/2012,21204.95,20442.4,20010.32,19930.15,20376.97,21701.3,24532.83,25819.06,26334.17,26533.59,26651.48,26888.54,26742.75,26564.83,26087.08,25833.7,25260.6,25198.82,25399.56,27148.46,27619.58,26501.2,24296.85,22464.95
4/6/2012,21091.1,20472.2,20012.21,19870.11,20387.33,21276.4,23802.4,25268.51,25868.44,26313.74,26144.97,26128.63,25791.33,25595.63,25159.54,24796.57,24278.08,24240.54,24178.33,25349.78,25784.58,25427.69,24116.31,22136.91
4/7/2012,21269.84,20404.12,19750.03,19593.34,19489.33,19589.56,20687.64,21687.1,22650.95,23460.65,23719.26,23828.3,23750.53,23440.87,23116.47,22709.83,22444.97,22796.93,23199.41,24816.44,26026.14,25467.69,23846.76,21883.81
4/8/2012,19846.25,19169.94,18764.86,18563.89,18523.49,18040.07,19146.05,19948.5,20775.73,21446.85,21775.64,22069.22,22129.04,22036.23,21917.89,21893.26,21736.06,22180.08,22658.38,24150.39,25328.41,24546.41,22849.58,20876.55
4/9/2012,19953.01,18955.51,18683,18697.8,19041.08,20450.48,22699.82,25102.67,25573.75,26528.53,26623.34,27126.26,26887.08,26824.89,26305.07,26187.97,25888.97,25566.14,25641.85,27200.01,27731.01,26319.11,24034.86,21645.04
4/10/2012,20949.16,19931.33,19425.81,19364.04,19929.3,21006.6,23728.05,25604.94,26223.83,26771.3,27077.81,26978.92,27007.37,26915.57,26722.03,26628.73,26120.68,26159.19,25898.72,26816.81,27462.54,26460.81,24653.9,22203.61
4/11/2012,20903.3,20126.85,19592.29,19554.83,19859.28,20832.93,23110.29,24955.57,25775.42,26327.7,26512.08,26533.25,26392.88,26134.83,25449.14,25264.63,25226.35,25383.32,25434.9,26959.02,27576.46,26309.18,24534.2,22215.1
4/12/2012,20927.89,20223.78,19716.41,19676.43,19984.05,20990.46,23245.59,24937.66,25603.09,26581.07,26354.82,26169.92,25967.29,25506.01,25258.39,24900.31,25063.59,25277.8,25435.06,26826.81,27461.68,26212.23,24433.01,22161.95
4/13/2012,20850.91,20092.84,19556.96,19518.61,19857.07,20842.46,22981.79,24599.28,25681.62,26323.12,26385.88,25887.13,25814.2,25989.5,25498.07,24833.04,24554.19,24565.63,24753.66,25785.04,26724.66,26256.1,24459.08,22305.09
4/14/2012,20898.94,20127.54,19540.49,19422.27,19309.51,19530.5,20166.15,21065.57,22023.56,22783,23056.65,23026.31,22864.8,22529.67,21988.42,21905.71,21916,22254.14,22679.54,24397.67,25212.26,24390.57,23198.67,21392.47
4/15/2012,20536.27,19837.71,19286.18,19014.3,18954.74,18970.3,19105.08,20144.74,21000.15,21576.59,21782.43,22017.17,21965.55,21875.09,21824.87,21990.53,22116.96,22401.43,22819.93,24405.97,25242.34,25032.32,23580.32,21695.2
4/16/2012,20075.22,19334.58,19009.89,18980.03,19502.94,20954.14,22820.62,24919.98,25655.35,26344.64,26307.03,26876.2,26143.21,26091.28,25640.3,25619.64,25417.2,25295.21,25417.15,27389.95,27457.82,26461.49,24249.01,22261.13
4/17/2012,20972.02,19777.56,19456.35,19394.42,19495.29,20493.47,22881.92,25143.02,25546.38,26247.21,26123.22,26453.57,26524.07,26765.69,26421.59,26384.04,26137.57,25793.49,25669.28,27427.67,27702.89,26712.46,24644.65,22645.36
4/18/2012,20647.63,19785.23,19490.09,19607.89,19560.86,20484.17,23401.81,25085.32,26057.83,26668.15,27190.2,27628.78,27711.09,27823.51,27387.31,26853.03,26679.26,26706.26,26632.8,27463.06,28412.87,27186.28,25161.29,22888.41
4/19/2012,21145.54,20201.24,19631.43,19484.4,19889.24,21158.05,23353.96,25106.65,25871.46,26630.81,27343.24,27865.32,28222.94,28439.64,28278.76,28391.32,28229.67,27831.97,27628.21,28160.51,28799.39,27592.55,25343.69,23002.36
4/20/2012,21611.69,20530.44,19879.1,19666.76,19974.13,20997.77,23075.72,25108.12,26413,27441.42,28483.48,29252.32,29645.46,30162.63,30121.76,29878.35,29992.88,29766.53,29194.62,29254.1,29821.11,28718.61,26518.72,24138.62
4/21/2012,22212.77,21031.26,20100.65,19816.98,19614.54,19892.52,20939.31,22078.13,23424.82,24740.08,25828.61,26638.07,26941.57,27165.38,27032.38,27425.61,27697.13,27682.4,27442.47,28524.38,28808.33,27708.3,25591.33,23665.13
4/22/2012,21601.74,20706.85,19775.19,19499.11,19366.36,19314.49,19948.45,20815.81,22136.25,23310.31,24400.56,24802.94,25171.16,25748.54,26292.78,26795.53,27170.82,27481.47,27331.71,27627.71,27985.04,26574.25,24805.46,22718.04
4/23/2012,21263.69,20151.16,19549.2,19480.69,20155.05,21511.92,23734.82,25453.42,26377.67,27527.07,28010.37,28362.01,27998.12,28060.5,27797.73,27871.63,27704.54,27730.07,27884.46,28707.07,29123.78,27749.01,25373.27,23387.16
4/24/2012,21151.3,20272.9,19834.14,19678.89,19875.73,20995.22,23432.98,25104.17,26054.25,26799.47,27455.21,27777.78,28073.09,28287.68,27710.63,27416.85,27052.82,27081.72,27235.66,28315.96,28762.54,27882.07,25121.05,22704.43
4/25/2012,20907.58,20089.58,19563.49,19549.2,19762.12,20716.37,23351.12,25099.52,26060.03,26705.9,26671.5,26875.32,27051.35,26565.2,26320.89,26329.33,25987.38,25658.9,26001.79,26776.06,27318.63,26126.33,24580.45,22004.67
4/26/2012,20986.93,20229.92,19714.7,19730.85,19985.46,21200.45,23001.36,24314.25,25097.57,25841.69,26208,26409.19,26515.13,27244.18,26933.29,26003.15,25951.26,25773.49,25646.53,27199.6,27609.61,27060.12,24675.89,22918.22
4/27/2012,21268.83,20481.6,19948.59,19945.26,20126.19,21672.42,23751,25294.55,25920.92,26459.19,26247.04,26419.53,26752.61,26668.12,26302.49,26063.56,26022.94,25831.49,26012.72,26611.19,27216.28,26527.67,25019.07,22788.98
4/28/2012,21502.92,20360.24,19726.06,19551.56,19647.18,20094.88,20259.96,21314.96,22853.38,23837.23,24506.8,24760.99,25028.36,25059.24,24604.38,24575.52,24672.94,24627.03,24939.52,25914.76,26915.55,25765.05,24511.06,22308.79
4/29/2012,21143.51,20132.43,19518.69,19170.58,19088.09,19261.45,19327.02,20134.87,21280.06,22251.49,23186.3,23861.94,24110.5,24400.47,24650.19,25013.87,25312.6,25622.68,25349.52,26274.87,27129.21,26661.51,24342.18,22470.98
4/30/2012,20667.34,19870.56,19481.94,19450.73,19933.22,21336.74,23412.37,25213.7,26382.21,27307.46,28183.36,28448.43,28581.76,28809.12,28278.55,28085.91,28017.44,27611.86,27742.55,28314.37,28585.9,27653.32,25496.07,22816.93
5/1/2012,21326.61,20497.66,19993.93,19807.7,20079.34,20981.27,23217.2,24899.89,25432.94,26467.31,26721.32,26984.84,27187.66,27367.49,27282.12,27208.38,27148.08,26975.79,26741.59,27646.1,28436.11,27151.24,24993.08,22580.82
5/2/2012,21612.45,20735.05,20193.99,20072.13,20477.01,21420.35,23515.76,25585.01,26411.08,27080.73,27638.23,27808.5,27737.73,27646.62,27504,27388.42,27261.53,27133.03,26855.17,27736.34,28759.06,27357.17,25243.06,22561.61
5/3/2012,21593.3,20491.05,19990.13,19863.98,20000.17,20857.99,22986.56,24606.18,25466.26,26204.87,27095.76,27663.05,27711.79,27785.31,27369.81,26901.19,26846.45,26576.41,26230.72,27202.95,27870.39,26788.41,24731.45,22404
5/4/2012,21482.38,20546.8,19989.1,19826.85,20162.29,20668.95,22546.4,24276.16,25147.7,25786.54,25906.06,26400.79,26722.03,26552.89,26722.82,26052.57,25962.67,25694.99,25505.97,25999.82,27107.05,26331.65,24786.8,22378.91
5/5/2012,21294.94,20372.21,20053.31,19789.12,19818.52,20187.2,20840.86,21514.93,22263.83,23166.76,23768.16,24480.48,24574.95,24566.97,24564.83,24174.67,24311.82,24317.27,24268.37,25305.34,26119.88,25451.38,24382.43,22022.87
5/6/2012,20869.11,19929.84,19296.65,19116.01,19007.65,18811.01,19132.59,19893.82,20733.99,21758.1,22766.96,23280.32,23743.43,24228.81,24171.06,24153.88,24535.78,24671.07,24819.9,25542.47,26657.69,25684.71,24258.27,21701.41
5/7/2012,20579.95,19589.94,19310.78,19391.57,19739.12,21246.07,22772.22,24669.65,25830.94,26733.54,27473.18,28075.61,28679.9,29129.34,29359.36,29546.34,29649.62,29032.83,28521.24,29086.17,29484.34,28016.14,25668.99,23099.49
5/8/2012,21735.09,20802.93,20243.51,20206.6,20398.49,21570.56,23194.87,24976.31,26216.81,27186.7,28005.24,28765.54,29429.82,30086.39,30574.38,30448.93,30825.38,30203.13,29597.55,29724.95,30174.44,28709.91,26390.05,23656.28
5/9/2012,22390.38,21340.27,20677.16,20701.11,20896.1,22216.11,24257.91,26050.81,27303.28,28430.39,29636.75,30343.68,30901.52,30930.93,31514.24,31762.85,31837.42,31134.02,30545.31,31058.45,31461.73,29930.83,27144.46,24804.38
5/10/2012,22375.68,21304.04,20940.97,20705.83,21013.47,22162.54,23743.28,25992.93,27217.76,28071.8,29025.29,29588.89,30108.52,30300.98,30539.89,30375.23,30563.82,29570.51,29454.54,29678.17,30492.25,29151.71,26562.19,23956.7
5/11/2012,22197.21,21301.02,20878.9,20652.88,20955.11,21727.66,23344.56,25210.45,26417.08,27111.2,28038.51,28620.95,29086.88,29572.1,29793.31,29741.72,29821.12,28837.44,28866.18,28772.33,29343.17,28205.45,26032.37,23447.05
5/12/2012,22123.12,21078.13,20329.98,20096.72,19830.78,19781.9,20516.15,21413.82,22729.1,23826.72,25003.95,25801.37,26190.34,26542.63,27376.99,27630.69,27676.03,27620.13,27319.11,27418.32,28013.46,27229.31,25477.03,23180.96
5/13/2012,22122.81,20969.09,20404.19,19979.33,19800.47,19787.25,19480.86,20337.23,21250.74,22677.5,24000.05,25382.63,25819.67,26294.72,26798.39,27234.67,27724.33,27874.87,27806.81,27781.78,28299.57,27193.21,25223.56,22850.5
5/14/2012,21420.36,20349.65,20059.87,19957.9,20372.24,21516.64,23370.46,25731.65,26921.65,27980.76,28825.36,29405.47,29913.61,30112.94,30115.51,30174.54,30143.65,29509.59,29328.21,29492.51,30033.73,28744.03,26485.29,24211.84
5/15/2012,21953.62,21028.36,20635.79,20342.45,20719.27,21634.25,24039.39,25825.71,26968.36,27986.98,28647.59,29173.35,29555.32,30096.51,30372.09,30423.86,30341.5,30131.03,29538.94,29425.76,30417.94,29242.45,26500.67,24023.78
5/16/2012,21977.91,21036.18,20795.67,20612.55,20972.83,21602.57,24078.9,25934.39,27103.48,27973.27,28938.82,29699.9,29847.62,30509.91,30477.7,30688.91,30830.61,30365.44,29977.86,29865.73,30611.51,29354.25,26864.03,24444.18
5/17/2012,22567.2,21715.19,21067.79,20842.48,21162.09,22107.79,24051.06,26037.71,27033.74,28026.61,29072.41,29703.31,30000.68,30235.55,30493.94,30335.91,30390.34,29696.76,29268.5,28987.92,29757.23,28911.05,26783.82,24103.56
5/18/2012,22126.96,21172.22,20702.61,20651.67,20685.37,21526.84,23637.28,25944.06,27070.6,27981.38,28729.95,29060,28915.75,29189.5,29128.98,29038.99,28772.54,28516.46,27955.03,27895.76,28664.19,27954.66,25958.26,23726.06
5/19/2012,21929.57,20980.1,20271.17,20101.97,19727.21,19670.66,20634.66,21825.26,22925.6,24171.3,24746.17,25675.3,25905.98,26173.91,26258.04,26695.9,26931.1,27083.83,26961.15,26978.69,27897.02,26976.28,25253.41,23131.99
5/20/2012,21978.36,20501.81,19994.51,19745.41,19541.04,19417.55,19700.35,20746.77,21677.11,22802.24,23834.4,24725.99,25432.36,26029.18,26548.02,27060.67,27429.39,27369.7,27240.57,27342.58,28201.18,27415.41,25685.93,23423.58
5/21/2012,22049.57,21041.42,20522.43,20404.46,20744.92,21976.38,23528.73,25749.41,27120.71,28812.64,29884.08,30779.85,31343.57,31707.1,32183.96,32431.75,32609.73,31732.74,31452.71,30850.33,31396.75,29909.58,26904.26,24683.44
5/22/2012,23063.79,22065.61,21398.18,21333.61,21459.65,22193.07,24269.84,26355.83,27726.68,28879.73,30492.04,30732.32,31418.85,31847.9,32336.4,32365.67,32564.56,32054.07,31393.91,30811.79,31542.93,29920.27,27432.9,25096.83
5/23/2012,23029.29,22028.37,21412.08,21299.72,21426.41,22484.35,24362.15,26133.58,27408.49,28458.18,29959.26,30595.07,31009.63,31486.26,31997.44,32229.88,31970.55,31348.4,30478.74,30318.59,30904.18,29843.03,26845.84,24703.31
5/24/2012,22502.5,21591.94,21099.15,21055.74,21251.04,22114.57,24005.92,25952.85,26893.82,27706.99,28825.32,29439.29,29832.94,29923.72,30211.16,30172.92,29948.2,29175.47,28800.48,28668.53,29536.58,28738.55,26560.07,24031.43
5/25/2012,22354.26,21392.52,20835.59,20668.9,20989.22,22043.98,23624.21,25603.64,26682,27528.21,28052.32,28113.92,27925.56,27802.51,27520.94,27174.2,26968.03,26850.77,26735.46,26763.63,27808.35,27421.58,25580.61,23648.95
5/26/2012,21808.8,20820.64,20163.57,19871.49,19850.37,20060.91,19926.15,20695.64,21733.18,22647.51,23290.41,23379.51,23671.49,24014.26,23909.04,23906.32,23957.7,24327.58,24211.44,24347.54,24846.28,24802.67,23513.19,22188.14
5/27/2012,20797.38,19993.73,19567.84,19395.3,19324.17,19160.92,19315.38,19959.19,20634.86,21462.93,22491.82,22865.96,23072.15,23139.95,23205.31,23356.15,23502.72,23903.26,24017.75,24309.64,25410.32,24448.34,23820.04,22151.24
5/28/2012,20815.47,19932.79,19516.13,19192.23,19233.93,19370.48,19419.49,20420.37,21206.28,21936.44,23143.94,23731.76,24680.16,24823.89,24931.26,25064.43,25167.21,24919.55,24630.34,24712.1,25650.77,24893.16,24047.28,22170.91
5/29/2012,21336.05,20362.89,19985.94,19813.27,20199.3,21409.78,23107.51,24770.5,25905.06,27043.63,27883.03,28332.05,28598.88,29077.09,29332.09,29242.51,29500.37,28839.31,28292.85,28312.67,28543.4,27730.34,25427.41,23667.83
5/30/2012,21965.25,21249.96,20553.74,20527.65,20735.03,21508.09,23660.59,25586.92,26233.49,27138.06,28413.67,28515.2,29195.39,29805.27,30401.66,30509.65,30536.4,30014.35,29358.89,29509.41,29643.54,28926.42,26653.05,24476.96
5/31/2012,23446.22,22121.11,21583.36,21316.59,21625.64,22551.49,24098.51,26153.25,27301.84,28237.14,29697.28,30657.9,31760.6,32762.08,33571.36,34022.53,34181.19,33533.64,32651.58,31771.94,31783.84,30641.24,28038.79,25842.7
6/1/2012,23729.01,22677.22,21884.61,21751.48,21751.65,22190.73,23972.57,26181.96,27467.3,28850.95,30358.13,31174.69,31958.53,32788.06,33492.51,33814.76,33906.51,33034.58,31947.32,30983.71,31088.13,30088.02,28017.16,26175.71
6/2/2012,23920.62,22935.59,22009.73,21556.78,21223.47,20640.76,21762.41,23246.32,24683.34,26085.16,27338.27,27901.37,28202.12,28372.74,28851.62,29171.94,29488.73,29310,28804.32,28900.33,29239.58,28747.81,26907.46,24922.19
6/3/2012,23111.07,21938.08,21215.8,20795.87,20545.33,20515.43,20166.76,20659.39,21977.78,23763.16,25036.64,25174.14,25909.51,26656.5,27186.25,27929.58,28614.91,28589.77,28085.93,28088.06,28585.15,28035.91,26406.65,24059.66
6/4/2012,22325.56,21328.19,20755.27,20588.49,20987.76,22174.64,23668.14,25472.42,26632.53,27340.09,28708.56,28575.12,29343.35,29873.12,29944.4,29940.13,29821.7,29639.17,29222.63,29062.53,29706.75,28969.83,26971.99,24053.83
6/5/2012,22372.41,21441.85,20818,20942.43,21154.25,21876.5,23147.76,25376.71,26833.58,27735.02,28527.2,28711.54,28864.3,29014.96,29060.7,29058.33,28890.93,28832.21,28425.78,28320.94,28859.33,28714.28,26502.67,23916.97
6/6/2012,22412.82,21454.43,20886.65,20672.55,21084.2,22075.44,23514.23,25516.91,26588.85,27633.89,28521.97,29121.79,29402.4,30150.34,30499.44,30944.05,30945.46,30656.43,30058.12,29390.2,29938.59,29236.34,26910.85,24747.05
6/7/2012,22604.47,21650.87,21158.55,20932.16,21179.72,21974.67,23735.05,25934.56,27156.75,28151.01,29206.41,29619.83,30408.71,31174.19,31638.17,31745.25,31657.37,31186.65,30228.31,29709.98,29934.81,29614.71,27206.13,24593.42
6/8/2012,22852.69,22087.86,21395.08,21171.28,21347.52,21655.08,23324.15,25354.9,26512.27,27533.68,28880.55,28849.13,29276.45,29734.3,29949.77,29918.13,29763.78,28906.8,28448.44,28092.49,28611.15,28358.82,26971.73,24241.6
6/9/2012,22793.91,21943.73,21318.94,20925.4,20919.48,21043.97,21203.36,22486.66,23624.96,25057.18,25759.38,26362.48,26412.57,26404.62,26570.75,26873.42,26870.79,26518.27,26385.65,26194.34,26940.46,27182.87,25420.97,23439.11
6/10/2012,22305.98,21287.35,20547.89,20220.2,20014,19998.26,19809.42,20805.1,22047.14,22937.72,23930.85,24807.66,25444.57,26081.78,26771.63,27452.89,27833.98,27790.7,27576.6,27320.42,27988.19,27850.38,25974.53,23684.17
6/11/2012,22439.48,21398.25,20589.32,20465.09,20948.41,22179.51,23592.74,25928.01,27524.97,29002.43,30333.05,31419.94,32205.37,32649.4,33108.58,33066.33,33395.54,32475.69,31849.66,31674.01,31626.13,31203.32,28246.1,25967.23
6/12/2012,24111.96,22798.5,21817.21,21750.57,21802.01,22793.1,24622,26644.8,28150.36,29619.2,31033.2,32124.83,33028.3,34025.62,34289.4,34555.19,34869,34048.92,33361.03,32395.29,32389.84,31817.24,29048.83,26291.67
6/13/2012,24008.48,22907.79,22212.99,21970.52,22228.99,22840,24090.05,26967.73,27992.72,29786.96,30927.06,31115.52,31160.98,31989.3,32420.84,33061.44,33536.81,32717.95,32019.61,31576.23,31407.68,30997.99,28342.82,25266.02
6/14/2012,23317.55,22654.82,21855.32,21767.48,21623.92,22316.11,23972.62,26188.79,27294.47,28494.5,30053.6,30325.81,30894.18,31587.64,31911.38,32127.04,32359.39,31668.19,30926.37,30378.59,30847.37,29902.76,27764.22,24647.13
6/15/2012,23800.46,22901.91,21961.25,21755.44,21738.55,22744.03,23596.6,25850.37,27337.7,28580.74,29890.46,30132.05,30857.61,31673.19,32145.83,32434.51,32718.79,32056.72,31315.13,30658.15,30300.07,29994.37,28074.91,25767.9
6/16/2012,24419.09,23314.1,22362.66,21730.38,21356.72,20588.41,20960.36,23050.54,24680.42,26984.09,28106.4,28808.94,30161.82,30983.59,31758.48,32402.06,32707.92,32657.94,32338.09,31546.3,31608.46,31199.92,28839.45,25816.27
6/17/2012,25215.5,23666.03,22723.21,22090.64,21638.95,20949.87,20802.42,21954.69,23608.03,26100.69,27996.77,28732.94,29329.13,30392.87,31283.67,31897.69,32532.16,32365.4,31754.19,31145.29,31339.28,30744.6,28149.99,25319.87
6/18/2012,24388.76,23104.78,22329.51,22036.59,22334.42,23385.21,24710.25,26906.89,28522.88,29994.48,31455.2,32459.4,33309.77,34189.58,34271.38,34304.37,34350.19,33407.61,32495.77,32041.34,32131.68,31638.92,28981.67,26594.81
6/19/2012,23832.55,22866.07,22096.48,21753.7,21908.45,22883.34,24092.61,26002.92,27398.81,28741.53,29936.25,30815.58,31525.03,32445.26,33258.76,33250.58,33306.37,32716.77,32424.77,31862.19,32304.97,31560.41,29089.67,26429.96
6/20/2012,24182.2,22860.9,22392.89,22041.41,22270.09,22670.98,23795.81,25975.08,27518.58,29041.56,30317.06,30835.74,31759.19,32824.12,33717.19,34253.58,34703.68,34096.38,33148.71,32345.75,32290.93,31437.02,29170.37,26205.82
6/21/2012,23992.57,22956.8,22073.54,21868.34,21635.9,22524.15,24434.78,26640.95,27384.74,29251.05,30442.23,31301.61,31346.48,32514.26,32927.05,33149.47,33433.81,32451.09,32219.19,31453.72,31386.11,30674.81,28243.11,25848.99
6/22/2012,23685.3,22736.65,21988.89,21677.18,21894.47,22720.21,24121.68,26060.6,27417.43,28273.48,29274.88,29934.97,30192.65,30672.68,31038.51,31198.66,31137.12,30630.27,30046.33,29313.17,29417.11,29269.24,27466.05,25365.02
6/23/2012,23358.3,22375.04,21611.1,21190.66,21104.85,20902.41,21365.79,22580.99,23925.39,25021.82,25780.88,26332.87,26454.55,26602.62,26634.53,26880.76,26987.09,27152.52,27162.28,26845.12,27476.98,27393.89,26032.54,24332.09
6/24/2012,22706.22,21796.32,21092.18,20653.61,20396.91,20119.73,19704.59,21109.5,22214.96,23466.3,24372.99,24241.44,24577.23,25222.41,25257.02,26131.62,26467.09,27002.74,26872.41,26615.25,27147.13,26732.43,25465.19,23496.67
6/25/2012,22064.19,21276.83,20805.2,20655.36,21071.42,22125.12,23631.84,25947.24,26453.85,27919.66,28919.39,29357.18,29522.39,30423.69,30772.71,31011,31100.18,30773.61,30230.89,29737.49,29996.29,29397.64,26906.39,24875.01
6/26/2012,23000.62,22129.2,21459.73,21218.88,21556.46,22457.26,24020.97,25918.1,26909.6,27947.08,28958.74,29671.28,29780.18,30652.92,31132.12,31453.22,31432.79,31228.03,30779.71,30100.84,30304.83,29797,27347.22,25065.65
6/27/2012,23047.81,22419,21729.56,21442.63,21735.09,22308.48,23789.77,26076.63,26951.19,28694.63,29659.15,29518.1,30628.84,31307.11,32149.19,32491,32842.56,32485.85,31876.61,30972.78,31299.59,30884.64,28370.63,25504.74
6/28/2012,23663.57,22673.87,22198.03,21851.79,22137.89,22527.4,24025.19,26361.1,27383.77,29280.73,30479.97,31438.46,31643.58,32977.8,33319.31,33671.29,34219,33954.53,33249.91,32057.88,31897.78,31309.67,28818.43,25972.63
6/29/2012,23969.64,22911.95,21848.19,21860.62,21857.33,22151.18,23915.51,26365.16,27451.61,29363.72,30672.91,31525.71,31900.27,32845.62,33544.16,34001.91,34112.23,33527,32686.18,31308.83,31242.99,30935.97,28838.51,25942.85
6/30/2012,24057.07,22935.17,21977.82,21819.32,21396.23,21123.86,21219.88,23040.33,24366.52,26317.55,27571.96,28469.76,28923.41,29578.72,29803.31,30337.52,30653.02,30728.01,30384.25,29551.86,29444.84,29309.37,27629.21,24722.27
7/1/2012,23290.21,22224.23,21722.79,21226.83,20955.56,20834.43,20027.5,21755.69,22745.33,24120.93,25352.66,26303.99,26479.1,27368.99,27593.77,28856.63,29482.44,30095.06,29592.92,29078.94,29140.23,29181.08,27123,24374.17
7/2/2012,23633.14,22443.96,21818.69,21441.5,21689.92,22695.12,23864.45,25974.88,27131.99,28977.46,30275.27,31231.44,31908.69,32781.73,33523.06,33707.61,34217.19,34021.29,33301.96,32460.89,32070.58,31268.36,28681.19,25747.12
7/3/2012,24019.64,23014.35,22561.21,22236.61,22459.62,22264.49,23645.61,25565.27,26853.73,28155.11,30458.76,31001.81,31672.83,32584.12,33290.25,33631.23,34021.28,33619.27,33045.63,32150.11,31703.47,31392.12,28441.07,25906.35
7/4/2012,24530.03,23404.02,22687.09,22021.76,21385.88,21561.19,21238.92,22343.05,23638.45,25045.11,26464.02,27446.68,28439.99,29086.79,29695.68,30311.14,30972.4,31058.92,30080.59,29342.2,28901.5,28186.67,26459.09,24483.43
7/5/2012,24043.78,22627.87,21932.19,21585.14,21550.91,23088.7,23821.35,25697.11,26814.6,29217.91,30282.5,31674.86,31642.6,32645.97,32934.96,33307.68,33768.43,33283.99,32919.51,32290.22,31594.45,31317.65,28097.44,25824.55
7/6/2012,23810.45,22610.98,21862.25,21492.56,21628.81,22567.08,23861.56,25831.49,26740.9,28561.8,29796.59,30736.1,31500.14,32412.79,33120.5,32953.9,33625.8,33138.22,32273.12,31042.76,30806.75,30318.48,28348.24,25574.61
7/7/2012,24576.41,23181.82,22309.07,21818.15,21712.02,21584.07,21857.1,23117.28,24628.98,26239.36,27510.78,28694.46,28974.14,30104.8,30975.53,31642.3,32247.79,32137.32,32116.91,31218.87,30876.8,30442.76,28507.95,25773.33
7/8/2012,24650.6,23180.2,22262.68,21717.44,21486.1,20985.14,20567.23,21855.92,23217.12,25160.87,26473.18,27359.56,28613.46,29865.97,31024.29,32064.85,33255.23,33169.25,32544.52,31843.07,31680.34,30968.77,28700.18,25796.4
7/9/2012,24133.53,22884.4,22145.21,21860,22203.62,23277.72,24693.75,26390.72,28341.02,30105.62,31844.54,33283.9,34161.62,35598.62,36341.22,36756.07,37608.67,37351.06,36836,35823.97,34852.28,33998.03,30339.72,27880.28
7/10/2012,25147.1,23811.52,23028.06,22774.63,22964.7,23503.76,25612.52,27641.1,29605.72,31146.34,33113.42,34748.74,35752.76,36941.61,38387.97,39097.02,39879.24,39867.68,38799.94,37921.8,36339.06,35054.7,31771.48,28614.42
7/11/2012,26172.68,24888.97,24089.57,23723.03,23615.48,23914.63,25593.33,28113,29719.82,32359.37,34396.78,36022,37711.93,39507.47,40302.45,40998.01,41725.88,40920.19,39887.95,39394.41,37798.8,36298.34,32910.42,29290.02
7/12/2012,26804.96,25428.72,24717.59,24178.95,24213.2,24332.86,26048.18,28504.91,30559.88,32585.54,34731.28,36272.87,37872.81,39676.75,41210.11,41221.31,41910.7,41633.07,40224.84,39377.14,38163.52,36758.33,33330.3,30155.39
7/13/2012,26534.6,25458.34,23899.38,23724.41,23414.79,23807.38,25899.07,28233.68,29889.83,32071.07,33971.4,35398.17,36204.62,37683.91,38991.67,39853.25,40384.21,39471,37716.54,36153.31,35415.87,34784.89,31978.95,28612.4
7/14/2012,25292.91,24398.37,23319.87,23033.41,22023.74,21997.37,22813.57,24229.66,26031.26,27684.71,28964.94,30361.17,31411.7,32171.45,33016.64,33588.75,33855.15,33615.96,33043.54,32258.94,32112.51,31569.53,29548.04,27199.92
7/15/2012,24102.86,22864.13,22349.67,21942.63,21488.66,20782.91,20751.88,21731.99,23038.84,24385.33,25631.06,26680.85,27772.33,28827.4,29783.33,30552.77,31263.66,32086.11,31013.93,31091.22,30496.65,30203.99,27716.72,25128.7
7/16/2012,23460.08,22360.14,21489.21,21604.68,21642.6,22709.91,24079.61,26127.78,27158.78,28442.66,30665.26,30932.94,31602.29,32423.49,33035.48,33603.91,34294.61,34003.74,33022.54,32127.08,31774.42,31150.56,27889.57,25117.08
7/17/2012,23438.97,22515.56,21782.91,21811.64,21731.54,22296.9,23623.65,25312.68,26329.27,27283.64,28507.35,28765.09,29187.86,30033.86,30590.72,30987.58,31054.82,30812.85,30055.2,29846.85,29419.18,29453.99,27071.73,24462.91
7/18/2012,23418.1,21965.21,21360.83,21247.23,21228.9,21822.51,23874.66,25359.64,26442.46,27734.21,29693.68,29871.43,30403.87,31124.25,31736.03,32468.33,32631.62,32425.17,31792.4,31004.71,31071.99,30529.61,27713.88,24850.53
7/19/2012,24668.61,23393.27,22501.71,22395.77,22257.29,23029.57,24123.48,26110.55,27581.06,29025.26,30847.08,31564.87,32095.59,33141.21,34424.56,34967.15,35240.64,35129.69,34173.63,32968.63,32299.21,32196.42,29103.76,26077.6
7/20/2012,25463.91,24131.96,23310.9,22877.31,23066.59,23910.34,24786.15,27066.92,28411.39,30048.38,31878.19,32661.83,33729.23,34848.31,36035.53,36567.7,37383.73,36635.15,35580.99,33975.71,33286.37,33190.76,30549.32,27396.44
7/21/2012,26370.29,24763.36,23659.26,23011.37,22804.31,22907.72,23195.71,24108.32,25455.47,27749.34,30115.7,31458.95,32548.02,34233.41,35262.04,35664.84,36904.06,36722.07,35791.24,34723.88,33785.88,33410.02,31099.73,27811.24
7/22/2012,25852.11,24526.11,23379.37,23032.25,22708.29,22279.08,21661.35,22774.96,24436.93,26412.03,28623.57,30424.12,32309.05,34151.88,35590.88,36499.42,37393.33,37495.28,36428.06,35485.05,34305.41,33301.59,30625.31,27380.49
7/23/2012,25369.7,24241.19,23012.94,22813.55,22900.01,23823.09,25915.78,28174.36,30231.1,32053.61,33926.16,35466.96,36767.39,38179.94,39080.7,39618.89,39936.89,39137.45,38664.32,37848.7,37051.66,35737.41,31861.17,28484.82
7/24/2012,25749.94,24731.06,23779.21,23679.84,23555.46,23961.16,25425.28,27750.32,29667.66,31328.13,33099.13,34359.2,35661.85,36775.67,37931.38,38548.74,39443.21,38877.52,37673.7,36222.61,35297.05,34358.13,30699.11,27599.47
7/25/2012,24708.49,23772.32,22956.4,22843,22705.71,23349.15,24763.82,26554.18,27995.73,29456.18,31079.31,31759.56,32762.38,34001.32,34641.88,35075.53,36113.25,35625.67,34420.64,33459.66,32358.82,32035.26,28853.35,25983.35
7/26/2012,24283.67,23358.45,22532.83,22518.77,22370.17,22938.63,24380.06,26206.83,27547.49,28904.55,30812.32,31671.73,32495.77,33296.81,33806.88,34391.67,35017.61,34728,33912.67,32801.58,32701.17,31801.14,28553.28,25790.21
7/27/2012,24527.39,23243.83,22546.84,22348.75,22200.81,22689.94,24072.64,25802.8,27151.5,28521.18,30023.17,30671.34,31481.43,32182.36,32799.12,33202.39,33612.49,33429.39,32453.65,31566.19,31057.19,30565.16,28332.24,25699.06
7/28/2012,24611.84,23394.26,22442.24,22081.07,21411.94,21019,21120.99,22563.37,24020,25538.71,27155.91,28289.66,28950.39,29909.41,30640.53,31261.93,31962.94,31902.41,31358.22,31248.69,30740.26,30942.09,28415.3,25932.19
7/29/2012,24350.88,23019.58,22168.01,21650.18,21026.77,20604.25,20413.09,21164.28,22630.31,24257.99,25993.94,26916.62,28015.04,29015.12,29827.19,30923.91,31920.87,32487.14,31649.12,31671.99,31518.51,30846.72,28415.78,25434.98
7/30/2012,24386.6,23074.49,22446.3,22195.71,22268.67,23740.58,24531.38,26499.59,28114.49,30409.02,32040.31,33285.13,34278.88,35941.55,36930.16,37669.78,38695.7,38316.21,37346.63,36199.58,35623.87,34440.29,30744.07,27106.99
7/31/2012,25272.7,24216.13,23263.02,23214.33,23073.5,23749.29,25230.29,27247.3,28654.78,30330.33,32225.98,33043.14,34211.99,36066.42,37341.39,38172.99,39057.92,38544.64,37089.77,36141.76,34414.22,33989.43,30581.66,27286.26
8/1/2012,26375.18,25009.6,24060.26,23606.67,23608.72,24230.82,25567.63,27470.73,29092.87,30790.75,32748.22,34217.85,35291.15,36706.7,37565.06,38304.64,39202.84,38833.23,37563.67,36478.62,35790.92,34814.75,30915.73,27601.16
8/2/2012,25947.73,24474.04,23707.95,23410.97,23220.18,23826.7,25334.65,27224.28,28794.63,30488.49,32415.32,33359.07,34535.14,36096.16,37138.33,37867.45,39053.14,38764.55,37392.84,36200.37,34875.94,33752.8,30781.6,27468.04
8/3/2012,25846.04,24632.92,23442.69,23339.04,23153.93,24122.25,25212.95,27060.56,28592.69,30202.81,32138.07,32862.09,33771.03,34888.13,35810.51,36385.19,36919.39,36130.28,35386.72,33608.11,32955.81,32141.47,29958.12,26997.86
8/4/2012,25462.23,23968.07,22924.54,22693.19,22190.05,22044.91,22296.7,23280.99,24635.08,26725.85,28476.06,29469.5,30479.94,31308.43,32194.56,32794.53,33311.65,33484.69,32398.04,31967.32,31751.01,31293.47,28660.88,26186.18
8/5/2012,24493.36,23381.38,22604.93,22168.89,21585.98,21252.2,21049.95,21811.01,23230.9,24797.7,26519.43,27822.78,29059.37,30392.4,31533.59,32332.65,33153.71,33628.86,32621.44,32676.93,32677.89,31358.53,28650.97,25971.6
8/6/2012,24432.89,23120.39,22511.58,22326.15,22303.02,23359.32,24643.03,26801.83,28718.33,30673.01,32931.64,34190.05,35562.12,37037.72,38149.63,38909.51,39770.76,38869.27,37547.22,36753.27,36053.09,34663.22,31459.76,27967.6
8/7/2012,26174.94,25087.25,23919.36,23615.47,23678.35,24964.66,26643.76,28591.71,30556.42,32476.44,34164.14,36368.51,37766.07,38941.82,40348.11,40751.59,41166.66,40902.96,39559.6,38440.02,38062.65,36571.59,32555.99,29607.58
8/8/2012,27388.2,25881.8,24771.74,24358.75,24378.8,25478.59,27224.87,28934.15,31044.21,33166.33,35505.84,37482.18,39540.52,41341.27,42378.12,43256.27,43313.88,42646.52,41396.03,40280.7,39379.68,37409.97,33920.62,30755.59
8/9/2012,28355.67,26548.16,25390.68,24777.65,24909.21,25819.08,27399,29279.66,31629.75,34220.92,36816.2,39045.63,41621.89,43698.02,44379.95,44821.01,45001.96,44226.52,42662.44,41983.73,40524.39,38581.28,35210.14,31590.67
8/10/2012,28231.77,26452.08,25685.93,25223.59,25042.9,25863.77,27760.54,29773.78,32310.75,34613.97,37237.78,39395.19,41830.77,43282.8,44406.99,44654.4,44739.45,43688.29,42078.97,40428.7,39994.22,38096.79,34810.77,31579.8
8/11/2012,28620.68,26671.98,25392.73,24871.94,24197.99,24076.48,25310.72,26335.16,28573.97,30722.33,33207.31,35454.24,37492.26,39031.42,39884.28,39915.71,40520.01,39752.99,38319.94,37650.54,37515.93,35950.14,33113.4,30245.46
8/12/2012,28788.94,26964.95,25679.7,24880.13,24520.71,24449.23,23549.05,24574.79,26937.43,29390.95,31652.23,33587.97,35456.56,36791.82,38187.84,38869.64,39206.62,39255.94,37321.52,37224.39,36211.13,34729.14,32228.19,29460.1
8/13/2012,27930.66,26320.67,25276.03,24795.86,24802.95,26116.91,27895.16,30124.97,32443.98,34840.06,37471.88,39419.37,40731.2,41613.82,42745.5,43262.11,43411.7,42501.62,40276.15,39612.26,38339.39,36869.9,34105.6,31192.96
8/14/2012,28784.85,27338.46,25940.44,25472.14,25417.06,26737.95,28565.06,30667.57,33027.45,35424.18,37758.36,39641.07,41283.96,42449.39,43077.38,43677.75,43707.22,42574.18,40471.28,40121.43,39743.48,37815.21,34762.25,31523.13
8/15/2012,28592,27134.99,25767.93,25315.41,25279.93,26603.05,28334.32,30328.13,32596.73,34654.35,36699.09,38537.25,40185.02,41269.17,41803.33,42468.29,42518.13,41484.76,40921.9,39956.46,39403.72,37576.58,34012.29,30807.64
8/16/2012,27799.28,26495.34,25240.31,24825.56,24799.81,26071.64,27786.49,29704.92,31837.24,33981.53,35989.25,37459.08,39139.2,40820.92,41551.56,41593.13,41754.24,41776.59,40734.83,39311.46,38871.64,36822.76,33371.7,30356.89
8/17/2012,27172.05,25933.99,24703.81,24309.69,24297.07,25569.51,27315.66,29232.15,31337.93,33202.25,35186.79,36585.31,37829.71,39287.18,40327.55,41424.4,41415.34,40186.38,38632.71,37201.47,36785.89,35255.04,32246.69,29558.19
8/18/2012,27825.76,26377,25014.73,24427.95,24037.1,24105.56,24917.55,25928.51,27889.87,30137.73,32255.27,33853.83,34426.62,36041.44,37606.27,38291.55,38344.91,37698.98,36441.38,35345.4,35042.45,33716.19,31391.31,28727.04
8/19/2012,26571.91,25243.52,24446.25,23795.08,23302.51,23104.64,22740.1,23687.23,25182.49,26779.51,28935.55,30621.3,32721.37,33901.74,35995.55,36878.31,37194.91,37150.85,36036.41,35191.01,34616.53,32676.63,30084.55,27025.05
8/20/2012,26072.48,24972.33,23945.07,23706.1,23856.86,25289.98,26251.23,28328.02,30126.95,32101.38,34343.12,36055.28,36990.4,38592.09,40248.78,40857.65,40915.85,40165.39,38837.98,37643.97,37170.04,34974.21,31608.88,28038.55
8/21/2012,26857.81,25554.82,24381.69,24222.65,24257.9,25238.53,27154.37,29394.3,31132.59,33068.01,34980.95,36242.95,37377.49,38027.9,39635.14,40225.01,40282.32,39467.84,38324.31,37164.38,37004.52,34722.87,31523.01,28405.58
8/22/2012,26207.92,24904.92,23972.1,23871.41,24100.24,25317.08,26826.47,29037,30820.21,32595.02,33961.61,35194.06,35995.21,36905.17,38186.58,38735.23,38697,37901.44,36902.44,36091.97,35544.75,33831.95,30603.57,27557.08
8/23/2012,25630.48,24429.44,23538.39,23436.13,23523.55,24490.53,25906.84,27691.06,29614.78,31134.62,32834.31,33876.3,34671.6,35729.52,37412.45,38000.8,38151.08,37474.15,36558.02,35597.68,35702.96,33337.09,30439.75,26980.08
8/24/2012,25630.99,24588.13,23767.68,23356.42,23626.56,24711.01,25719.38,27495.22,28905.09,30478.45,32244.81,32865.5,33767.05,35058,36143.01,37020.05,37716.81,36747.67,35352.42,33806.81,33997.44,32296.44,29635.1,26820.36
8/25/2012,25320.73,24235.81,23003.77,22817.25,22553.65,22334.82,22917.83,23804.54,25120.18,26637.93,28155.06,29317.88,30234.09,31197.13,32011.68,32534.73,32964.01,33146.95,32224.63,31745.41,32050.11,30478.48,28287.41,25837.88
8/26/2012,23895.27,22888.17,22058.24,21863.14,21570.37,21492.14,21196.42,22164.09,23428.7,24785.88,26132.72,27234.83,28136.4,28970.94,30268.02,30981.39,31436.05,31658.52,31017.04,30951.5,31312.8,30337.37,27550.17,25137.74
8/27/2012,23042.36,22243.84,21604.38,21663.74,21944.07,22732.27,24764.19,26775.85,28342.45,29848.59,31587.39,32393.58,33485.95,34434.43,35985.36,36717.81,37647.02,37047.82,35961.85,34742.32,34830,32789.57,29585.47,26438.48
8/28/2012,25105.1,23734.13,22844.08,22765.64,22943.56,23654.72,25956.37,27831.57,29885.92,31514.05,33508.46,34960.84,36007.22,37406.65,38921.54,39506.03,40064.89,39418,37579.43,36630.46,36643.54,34505.02,31102.44,27812.48
8/29/2012,25903.27,24888.58,23850.42,23550.95,23801.54,25065.04,27039.61,28824.83,30774.37,32276.96,34136.86,35523.59,36983.48,38202.32,39717.37,40423.78,40560.35,40045.89,38865.57,37461.68,37681.56,34997.45,31710.61,28411.99
8/30/2012,26447.99,25252.22,24305.37,24143.87,24189.08,25194.85,26687.48,28564.92,30514.32,32633.54,34178.9,35461.35,36946.98,38451.98,39455.51,40540.79,40756.24,40244.85,38295.15,37196.76,36319.11,34512.14,31700.91,28010.64
8/31/2012,26732.41,25318.31,24532.97,24014.71,24211.84,25327.21,27303.57,29024.59,30903.34,32688.89,34245.89,35180.92,36258.35,37491.63,38512.97,39168.16,39440.46,38524.81,36840.5,35944.7,35634.59,33769.56,31264.23,28526.54
9/1/2012,26508.44,24979.39,23955.01,23333.28,23139.33,23626.89,23780.26,24657.13,26269.44,28109.32,29733.87,31199.98,32598.25,33909.17,35205.81,35272.6,35665.31,35227.16,35136.33,34016.84,33961.51,32287.9,29842.66,27155.81
9/2/2012,25169.98,23728.52,22790.69,22250.07,22033.81,22250.12,22151.61,22743.11,23914.69,25328.86,27257.8,28895.52,30513.42,32529.61,33762.39,34759.39,35845.43,36014.1,35072.03,34154.94,34306.5,31726.05,29364.3,26728.12
9/3/2012,24347.17,23006.35,22139.82,21583.29,21438.03,21781.48,21670.5,22682.55,23503.42,25268.65,27177.36,28507.17,29599.25,30958.02,32879.48,33740.83,34711.82,34663.5,33689.12,33681.64,33527.06,31013.71,28447.22,25377.16
9/4/2012,24470.74,23197.24,22468.34,22111.1,22491.05,23929.13,25290.52,27187.41,28740.72,30555.07,32609.92,33957.38,35117.4,36401.63,38267.97,38805.03,39242.23,39043.48,37762.08,36330.5,36470.23,33288.46,29904.27,26615.55
9/5/2012,25328.46,24204.58,23294.19,23247.35,23373.81,24049.4,26062.93,27837.62,29399.96,31169.66,32933.99,34090.8,35602.33,36874.09,38425.49,39277.14,39789.02,39164.43,37739.24,36418.27,36670.89,33545.35,30301.73,27019.03
9/6/2012,25558.19,24429.94,23528.17,23447.36,23382.78,24183.53,26221.19,28048.84,29529.21,31187.12,33175.34,34163.87,35319.96,36803.66,38717.09,39487.17,39649.05,38887.89,37443.92,36492.57,36342.69,33756.28,30228.69,26976.85
9/7/2012,25140.14,23913.64,23078.09,22848.53,23106.98,23831.92,25475.53,27300.17,28779.88,30340.1,31904.69,32763.89,33695.63,34891,35835.66,36495.34,37322.69,36313.68,35034.11,34091.72,33639.27,32326.36,29361.01,26345.35
9/8/2012,25291.49,24063.79,23082.46,22838.3,22501.43,22339.56,23062.99,24449.01,25893.13,27415.18,29319.75,30736.2,32304.55,32643.45,34063.92,34635.34,35126.72,34985.48,34411.48,33643.68,33880.33,31731.93,28975.5,26128.98
9/9/2012,25012.68,23850.56,22952.51,22370.13,22178.63,22262.64,22094.81,22872.3,24133.26,25560.45,27261.31,28819.74,30051.41,31171.45,32448.46,32759.17,33320.73,32530.94,32239.81,32100.19,32107.28,30336.84,28009.13,25351.73
9/10/2012,24390.72,23349.32,22606.04,22473.06,22835.6,23917.28,25624.18,27388.55,28830.71,30441.31,32134.61,33195.66,34327.64,35377.26,37183.63,37593.66,37532.61,36726.67,35621.61,35332.8,35052.97,32517.22,29127.68,26208.88
9/11/2012,25146.27,24063.3,23228.63,23174.64,23152.39,23955.9,26181.56,27958.42,29419.13,30973.9,32545.09,33626.52,34775.18,35788.59,37445.23,38239.19,38153.84,37288.96,35964.64,35463.2,35317.59,32521.3,29531.87,26383.96
9/12/2012,24761.08,23702.26,22926.09,22857.55,22884.1,23664.72,26851.2,28485.71,30055.37,31195.27,32769.64,33990.54,35157.39,36128.8,37193.04,37288.94,37820.87,36754.85,35789.01,35535.39,35502.53,32748.2,29914.43,26691.14
9/13/2012,24645.23,23593.76,22802.07,22722.92,22743.02,23641.47,26771.8,28425.15,30134.31,31781.51,33120.85,34638.62,35784.1,36996.55,37999.13,38361.42,39226.67,38181.65,37163.05,37061,36319.01,33764.88,30483.69,27372.91
9/14/2012,25526.58,24231.57,23121.23,22976.4,23179.21,24412.95,25842.31,27972.39,30388.52,31484.25,33572.93,35092.64,36644.62,38406.9,39751.56,40680.54,41109.37,39706.56,38217.79,37939.48,36424.38,34982.8,31421.5,28274.14
9/15/2012,25687.11,24356.84,23251.46,22944.99,22634.87,22555.45,23991.04,24735.93,26557.5,28682.69,30262.03,31946.14,33062.07,34449.75,36611.2,37501.56,38305.36,37363.64,35779.6,34969.4,34548.93,33017.06,30618.46,27344.54
9/16/2012,25879.17,24283.18,23245.23,22563.12,22311.56,22462.74,22951.66,23551.43,25165.99,26629.95,28543.53,30334.98,32008.36,33139.92,34463.54,35698.85,36733.59,35725.19,34581.94,34638.5,34002.57,31805.98,29258.47,26148.02
9/17/2012,24452.26,23196.29,22450.13,22163.4,22500.2,23875.97,25980.62,27732.65,29151.69,30630.59,32111.38,33114.23,34207.26,35499.51,36453.33,36835.14,36953.09,35855.15,34866.72,34932.43,33912.08,32252.89,29302.18,26214.7
9/18/2012,25607.04,24370.53,23390.27,23168.33,23014.77,23337.29,24989.96,26261.94,27764.99,29440.85,31406.32,32664.01,33958.29,35148.02,36099.16,36514.87,36795.75,35835.12,34823.86,34334.88,33806.68,32285.24,29707.34,26643.28
9/19/2012,23726.16,22767.8,22032.73,22009.27,22235.76,23258.09,25087.51,26765.22,28395.43,29552.54,30964.59,32014.88,32988.9,34000.73,35083.54,35650.97,35992.18,34902.04,33790.87,34032.35,33004.04,31098.95,28472.75,25421.03
9/20/2012,23599.2,22358.65,21642.55,21339.09,21668.68,22923.34,25238.98,26262.68,28049.53,29554,30603.73,31887.4,33115.18,34537.69,35207.04,35736.93,36271.22,35362,34400.59,34190.58,33673.9,31669.42,28463.35,25524.8
9/21/2012,23716.63,22433.14,21765.61,21582.66,21773.44,22425.81,24641.23,26030.58,27215.45,28538.25,30177.9,31287.1,32456.53,33861.99,34960.21,35519.18,36195.29,35052.28,33521.08,33754.64,32684.23,30964.27,28303.85,25336.73
9/22/2012,23834.19,22720.24,21830.15,21617.38,21265.09,21256.05,22111.36,22987.89,24371.97,25902.93,27550.17,28715.48,29903.09,31139.93,32215.6,32884.26,33435.31,32758.9,31942.08,32557.02,31531.49,30000.01,27673.34,24980.36
9/23/2012,23810.95,22697.29,21772.69,21491.62,20951.82,20705.92,21162.87,21814.27,23100.63,24635.2,26382.3,27800.9,29268.45,30659.45,31935.57,32702.65,33330.19,32847.35,32262.54,32963.98,31771.44,29953.52,27476.77,24693.57
9/24/2012,23134.52,22236.88,21542.25,21583.37,21846.2,23096.84,25061.62,26764.43,28185.99,29810.97,31440.46,32261.63,33387.28,34664.36,35533.06,36070.12,36403.29,35224.59,34081.98,34631.54,33429.76,31531.28,28490.85,25426.34
9/25/2012,24170.26,22897.28,22101.64,22056.66,22090.08,22931.07,25281.56,26678.86,27803.47,29129.72,30587.1,31367.59,32367.96,33217.19,34050.17,34449.94,34690.75,33710.07,33238.56,33672.39,32548.47,30567.62,27844.72,24854.26
9/26/2012,23444.3,22306.81,21623.58,21341.11,21729.94,22658.1,24483.98,25946.56,26986.48,28176.99,29391.9,30098.46,30908.79,31851.82,32776.72,33328.95,33791.32,33017.72,31724.22,32732.22,31755.76,29881.73,27467.91,24470.79
9/27/2012,22907.63,22049.51,21380.06,21403.45,21487.98,22356.25,24858.14,26619.01,28237.37,29245.62,30370.28,30869.55,31877.2,33032.98,33904.81,33943.75,34670.12,33590.5,32883.72,33335.8,32344.7,30429.96,28089.15,24968.79
9/28/2012,23223.49,22460.08,21543.98,21498.49,21859.66,22693.41,25489.31,27039.15,28422.59,29310.13,30393.45,31518.84,32523.16,33399.88,34226.94,34669.86,34732.79,33552.52,32678.19,33043.82,31865.6,30262.27,28357.32,25329.35
9/29/2012,23755.31,22667.44,21761.65,21548.64,21291.35,21263.37,22962.44,23549.61,25136.56,26747.91,27904.04,28904.1,30483.6,31651.28,32961.51,33828.39,34233,33458.18,32811.75,33143.89,32085.63,30310.12,28283.55,25680.61
9/30/2012,24162.87,22797.48,21907.09,21338.95,21096.26,21314.07,21742.08,22347.6,23756.68,25490.47,26959.11,28312.12,29996.95,31997.25,33551.69,34388.62,35596.9,34575.84,33953.59,34513.8,32895.66,30861.31,28547.39,25637.33
10/1/2012,23414.85,22368.5,21585.56,21599.8,21643.91,22618.39,25835.01,27511.08,29461.65,31356.99,33058.71,34951.04,36958.31,38599.63,39190.48,40094.55,40504.78,39450.13,38539.6,38668.73,37475.96,34693.78,31107.69,27996.57
10/2/2012,25155.66,24041.69,23100.53,22674.81,22918.46,24258.11,26719.96,28182.21,29764.44,31460.84,33364.74,34658.23,36496.72,38250.21,38925.25,39588.82,40103.4,38993.99,38332.66,38037.77,36084.65,33606.58,30456.76,27544.81
10/3/2012,25126.46,23723.91,22851.1,22424.6,22720.99,24059.89,26552.38,27898.55,28929.2,29825.78,31240.67,32381.06,33515.53,34909.04,36055.98,36739.64,36921.36,35917.99,34882.37,35500.79,33563.75,31556.25,28479.27,25665.56
10/4/2012,23926.79,22690.41,21931.25,21890.31,22105.43,23269.84,25396.4,25972.43,26969.72,27670.25,28931.72,30140.06,30979.87,31993.01,32977.44,33185.99,33249.13,32480.6,32152.12,32940.7,31889.95,29960.01,26758.58,24009.01
10/5/2012,23092.46,22032.03,21380.41,21125.07,21445.18,22788.34,24593.43,25778.75,26702.85,27696.77,28608.51,29094.46,29715.65,30572.75,31269.01,31502.75,31569.12,30698.56,29658.71,30491.87,29891.96,28167.58,26018.1,23493.78
10/6/2012,22840.51,21737.39,21050.87,20706.85,20686.79,21115.35,21411.62,21995.24,23113.04,23893.51,24835.29,25595.2,26160.6,26313.27,26648.04,26960.86,27211.8,26959.43,27127.07,28391.57,27934.28,26812.8,24664.41,22471.88
10/7/2012,21253.7,20509.36,19869.61,19786.42,19408.11,19395.72,19881.87,20440.57,21287.18,22348.4,23190.06,23625.28,24075.49,24482.15,25171.06,25489.96,25851.07,26077.99,26201.58,27726.25,27081.68,25832.94,24028.21,21825.71
10/8/2012,20941.2,20329.19,19859.69,20053.14,20245.12,21406.45,23610.87,25342.39,26090.49,26980.16,27850.44,28327,28536.58,28882.31,29088.11,29396.55,29498.82,29000.65,28843.03,30042.72,29308.36,28115.38,25440.31,23349.1
10/9/2012,22162.68,21486.48,20770.41,20745.83,21189.61,22197.97,24273.84,25641.71,26370.72,27217,28108.32,28203.16,28308.21,28462.87,28919.9,28889.84,28941.85,28459.59,28466.78,28997.22,28330.67,26944.38,24690.58,22255.06
10/10/2012,21406.53,20743.94,20171.87,20338.57,20478.72,21779.6,23967.63,25476.08,25923.52,26750.67,27292.07,27542.31,27463.45,27836.24,28097.74,28031.4,28272.66,27638.48,27821.8,29297.47,28641,27211.63,25259.98,22848.61
10/11/2012,21945.91,21025.74,20163.6,20311.96,20444.01,21783.94,24228.63,25195.45,25841.48,26568.55,27224.01,27381.83,27381.49,27755.94,27724.23,27597.85,27951.41,27137.79,27620.16,29065.19,28709.55,27648.81,25338.1,22974.76
10/12/2012,21404.83,21013.67,20268.51,20420.87,20484.61,21752.35,23754.33,25179.56,25965.51,26734.31,27354.01,27390.28,27364.07,27488.37,27357.16,27145.69,27170.91,26635.47,26712.42,27762.3,27002.88,26423.91,24593.03,22300.7
10/13/2012,21121.94,20468.76,19873.89,19841.19,19413.86,19729.27,20585.33,21323.73,22116.26,22862.72,24019,24190.86,24202.38,24401.22,24533.29,24614.15,24885.03,25024.22,25480.5,26681.78,26020.8,25172.23,23701.95,21733.03
10/14/2012,20834.46,20308.31,19508.06,19378.78,18903.67,18811.89,19301.63,19883.76,20905.53,21880.59,23125.63,23681.31,24343.79,25117.16,25740.2,26172.44,26975.01,27135.23,27691.5,29003.1,28014.43,26289.71,24156.73,21988.82
10/15/2012,20653.64,20026.36,19627,19877.26,20004.18,21589.72,24039.42,25335.94,26643.62,27940.68,29262.22,30330.68,31140.03,32142.27,32549.27,32677.86,32874,32639.15,32577.31,32794.67,31799.58,29677.56,26467.21,24026.99
10/16/2012,22871.48,21803.38,21148.25,20928.77,21221.43,22599.44,25180.56,26591.8,27764.73,29124.14,30036,30953.75,31579.07,32763.75,33429.72,33832.02,33925.38,33117.03,33020.63,33267.76,31894.02,29833.75,27198.11,24779.64
10/17/2012,23190.25,22092.92,21406.83,21151.09,21505.22,22808.27,25394.76,26759.95,27944.95,29184.47,30488.54,31750.55,32853.26,34234.23,34846.04,35187.99,35517.5,35071.53,34014.77,34028.53,32477.32,30605.49,28039.64,25307.94
10/18/2012,22822.29,21967.49,21514.11,21201.46,21565.67,22577.08,25446.69,26295.76,27424.32,28513.47,29983.08,31113.57,32031.74,33236.16,33822.67,34210.27,34300.04,33196.36,32892.5,33457.68,31963.86,30160.43,27002.46,24550.13
10/19/2012,22610.3,21792.39,21093.59,21156.76,21190.08,22092.87,24620,26121.19,26824.62,27812.47,28952.91,29487.09,29963.37,30706.85,31076.43,31101.15,31096.03,30084.27,29983.03,30328.03,28881.19,27574.61,25826.15,23370.27
10/20/2012,22308.35,21473.01,20541.29,20404.4,20095.15,20614.2,21188.55,21966.93,22935.54,23909.71,25064.09,25433.77,25876.91,25833.31,25915.06,26066.87,26113.58,26010.02,26269.26,27534,26748.14,25720.29,24091.42,22252.05
10/21/2012,21509.82,20768.44,20036.72,19851.36,19682.8,19927.29,19962.39,20585.09,21316.1,22217.43,23015.57,23305.73,23511.99,23953.88,24059.71,24193.05,24682.87,24784.82,25807.16,26874.12,26106.99,25277.66,23400.09,21455.23
10/22/2012,20271.52,19737.93,19351.28,19575.8,19834.5,20907.86,23380.21,24836.79,25725.69,26479.51,27234.53,27230.94,27204.68,27350.17,27184.78,27231.75,27099.38,26955.2,27922.3,28802.24,28133.65,26697.43,24494.01,22138.49
10/23/2012,21115.88,20535.54,20025.27,20228.01,20527.22,21533.95,23962.58,25198.81,25692.72,26278.45,26933.08,26915.16,27249.83,27387.54,27185.13,26946.85,26886.24,27120.2,27543.48,28563.91,27832.23,26716.65,24499.02,22184.04
10/24/2012,20973.44,20400.13,19961.47,20155.21,20331.78,21210.81,23876.36,25041.96,25915.3,26491.92,26995.49,26891.17,27043.44,27162.84,27050.72,26773.53,26667.07,26785.25,27372.01,28276.53,27699.21,26655.09,24378.38,22174.08
10/25/2012,20946.75,20386.47,19924.37,20159.28,20300.17,21331.09,23516.73,24904.74,25398.64,25994.33,26706.24,26876.05,27014.15,27266.55,27243.67,27041.62,27030.16,27045.37,27531.43,28480.52,27702.35,26545.91,24516.87,22160.46
10/26/2012,21571.4,20838.34,20341.75,20363.48,20590.36,21411.1,23811.04,25328.31,25823.22,26496.24,27369.65,27651.55,27898.18,28061.65,28018.9,28059.34,27986.25,27416.06,28088.43,28486.96,27475.74,26429.08,24600.35,22470.61
10/27/2012,21546.58,20812.24,20207.98,20211.65,20046.77,20653,21642.99,22272.71,23128.84,24113.09,24937.57,25243.33,25435.66,25842.53,26084.08,26224.95,26512.1,26452.68,27064.83,27983.06,27327.34,26101.02,24089,22050.1
10/28/2012,21596.28,20628,20038.5,19745.66,19666.94,19960.86,19825.03,20571.87,21344.53,22275.96,23186.49,23600.4,24178.57,24683.93,25130.1,25488.85,25983.19,26187.13,27248.26,27958.52,26949.21,25844.33,24211.61,22099.47
10/29/2012,21127.54,20360.47,19952.69,19931.56,20431.41,21761.81,23833.62,25509.46,26268.27,27061,28062.66,28435.47,28885.48,29369.03,29538.22,29473.6,29608.29,29214.39,29763.72,30584.25,29628.68,27438.22,25176.97,22706.16
10/30/2012,21736.74,20995.74,20301.79,20480.37,20776.64,21643.5,24292.5,25829.98,26287.66,27065.65,27978.42,28120.6,28382.59,28674.75,28989.73,29042.13,29223.31,28845.8,29497.92,29894.89,28715.39,27179.16,25054.39,22593.13
10/31/2012,21888.22,21016.58,20514.95,20561.05,20877.94,21760.9,24481.2,25895.62,26325.4,26991.46,27634.66,27835.07,27756.99,28122.36,28612.08,28555.59,28541.12,28169.88,29039.97,29236.45,28268.49,26787.58,24822.4,22777.35
11/1/2012,21719.94,20933.7,20448.46,20386.21,20798.1,21785.54,24143.99,25725.66,26071.32,26615.36,27282.91,27182.05,27068.63,27277.3,27258.76,27407.51,27386.68,27721.88,28147.23,28888.01,28048.13,26819.58,24858.94,22535.13
11/2/2012,21701.15,20893.02,20420.43,20283.73,20682.29,21977.83,24496.8,26264.27,26383.28,26804.14,27015.39,27095.76,27029.57,27202.34,27290.66,26999.9,26981.94,27180.33,27939.54,27819.06,27291.26,26476.3,25038.99,23106.19
11/3/2012,21615.94,20659.35,20218.61,19938.99,19969.94,20517.89,21532.59,21851.1,22621.63,23474.82,24159.13,24261.19,24250.65,24255.46,24477.17,24422.52,24712.36,25219.07,26623.16,27146.99,25934.89,25452.4,24193.67,22483.56
11/4/2012,21209.18,20259.51,19690.15,19461.65,19405.69,19693.9,20566.79,21094.28,21680.42,22458.12,23141.64,23769.68,23980.05,24582.35,24747.3,24933.19,25876.86,27000.27,27395.1,27192.2,26140.68,25020.04,23889.57,22133.75
11/5/2012,20843.91,19949.8,19603.58,19626.65,20219.18,21750.24,23858.19,25618.22,26709.45,27820.69,28480.81,28803.88,29300.48,29675.24,30086.87,30544.62,30574.6,30933.94,31302.77,30210.1,28884.05,27073.3,24913.2,22663.4
11/6/2012,21058.93,20257.31,19782.03,19718.97,20218.11,21666.36,24059.86,25717.03,26755.65,27782.08,28680.72,28862.78,29374.63,29820.11,29786.15,29857.96,30316.69,31103.48,31649.55,30409.56,28903.49,27426.42,24712.32,22507.53
11/7/2012,20877.64,19937.34,19586.23,19523.42,20079.69,21592.3,23928.63,25570.74,26425.4,26754.4,27408.16,27717.68,27514.81,27833.77,28093.05,27870.03,28070.58,28815.39,29982.06,28803.38,27565.76,26121.57,23988.05,22007.57
11/8/2012,20767.75,19806.56,19475.61,19360.38,19979.65,21128.32,23808.58,25368.11,26351.09,27027.03,27083.01,27234.31,27000.86,26996.87,26676.86,26695.3,26655.75,27798.48,29323.08,28242.61,27756,26216.1,24076.48,22174.47
11/9/2012,20571.86,19760.31,19501.86,19675.02,19966.64,20959.3,24032.3,25606.65,26429.4,26943.03,26815.05,26820.01,26582.8,26324.83,26269.11,25976.08,26110.54,27312.75,28447.93,27636.75,26836.68,25691.55,24057.53,22010.87
11/10/2012,21008.1,20083.43,19546.8,19373.66,19610.51,20192.77,21202.4,21797.07,22700.54,23520.48,23904.51,23880.69,23519.5,23235.1,23125.08,22866.74,23832.21,26170.81,27246.31,26887.23,25740.88,24931.11,23254.07,21419.92
11/11/2012,20452.06,19960.78,19418.25,19370.53,19013,19079.99,19866.97,20701.15,21678.43,22220.31,22463.52,22371.38,22291.36,22211.66,22038.76,22319.92,23214.34,25686.84,26699.71,26249.08,26097.34,24857.5,23113.56,20941.17
11/12/2012,19862.98,19683.87,19444.67,19836.93,20254.42,21194.32,23227.2,25515.11,25968.19,26258.9,26575.47,26334.01,26334.99,26806.65,26384.29,26262.5,26780.01,28713.16,29048.64,28268.07,27136.53,26038.02,24059.62,21777.28
11/13/2012,20874.25,20513.7,20051.19,20037.55,20595.14,21616.79,24367.28,26235.26,26504.81,26826.56,27105.07,27126.07,27000.27,27161.23,26924.03,26868.04,27373.33,29046.05,29911.54,29183.73,28179.71,26560.13,24024.17,21755.75
11/14/2012,21209.69,20560.3,20152.75,20116,20745.8,22173.04,24609.6,26160.6,26620.94,26900.75,27492.84,27554.77,27550.34,27748.07,27616.92,27504.64,27799.77,29391.27,30524.22,29472.11,28282.48,26728.84,24455.91,22289.45
11/15/2012,21107.5,20444.32,19859.16,20016.65,20615.64,21852.5,24589.83,26250.49,26327.92,26800.87,27233.66,27287.95,27095.57,27347.22,27044.78,26934.69,27239.03,28983.47,30010.52,28777.13,28062.85,26637.09,24497.98,21929.35
11/16/2012,20881.04,20280.95,19696.05,19961.66,20176.16,21316.27,23859.46,25575.71,25910.05,26841.03,27298.77,27204.5,26973.23,26945.33,26667.31,26476.72,26905.82,28594.95,29291.51,28141.58,27144.1,25993.68,24042.32,21864.18
11/17/2012,20680.98,19874.31,19310.26,19364.94,19113.59,19411.1,20772.37,21420.31,22801.69,23724.38,24254.77,24070.74,24083.88,23764.06,23508.23,23498.55,24185.34,26113.31,27181.36,26363.27,25593.72,24673.15,23230,21043.47
11/18/2012,19950.82,19452.46,18717.46,18855.92,18756.98,18976.98,19719.52,20416.69,21165.29,21896.6,22382.29,22425.58,22411.98,22335.41,22254.73,22375.89,23664.99,26074.11,26869.53,26240.6,25486.32,24539.64,22863.1,20825.69
11/19/2012,19805.96,19372.59,18971.94,19031.98,19692.52,21339,23766.15,25058.98,25874.18,26461.86,26844.34,26771.64,26655.58,26644.62,26373.9,26230.57,27187.06,29268.69,29600.09,29012.43,28388.58,26343.67,24254.08,22409.69
11/20/2012,20400.35,19843.91,19289.68,19549.4,19844.53,20965.09,23252.1,25139.86,25818.95,26351.76,26785.99,26645.7,26628.9,26705.36,26310.92,26349.12,26899.01,29123.16,29804.41,28680.8,27716.49,26259.12,23952.36,21664.63
11/21/2012,20727.35,20106.99,19559.25,19811.57,20059.42,21131.86,23344.5,24921.25,25605.42,26168.09,26625.27,26745.76,26611.95,26594.58,26305.09,26056.99,26343.42,28613.82,29184.57,27837.92,26807.66,25575.72,24004.53,21939.53
11/22/2012,20862.81,20096.32,19455.62,19372.58,19165.29,19372.4,20017.59,20853.71,21921.79,22828.54,23575.89,23611.92,23532.81,23358.1,22953.82,22407.38,22816.94,23896.42,23688.52,23542.76,22992.56,22543.43,21814.42,20378.99
11/23/2012,19670.01,19030.72,18501.92,18638.4,18885.92,19628.81,21067.09,21442.73,22212.73,22660.77,23144.83,23106.54,23130.55,23113.6,22966.36,22995.67,24306.63,26593.54,26874.45,25912.49,24916.16,24031.63,22732.43,20933.4
11/24/2012,20331.41,19556.48,18944.75,18851.36,18849.9,19234.06,19516.07,20436.87,21350.2,22093.1,22726.84,22765.42,22943.13,23070.1,23026.45,22914.56,23869.49,25942.9,26130.68,25632.34,24625.92,23835.51,22579.49,20752.96
11/25/2012,19953.28,19231.23,18750.7,18708.4,18465.93,18535.19,19533.47,19683.95,20706.23,21226.58,21998.73,21865.02,21878.17,21924.62,21861.9,21987.64,23085.54,26076.06,26975.7,26218.31,25126.4,23976.68,22447.93,20589.49
11/26/2012,19948.1,19226.92,18950.18,18963.12,19625.2,21325.07,23085.92,24669.26,25814.85,26436.04,26830.64,26644.5,26805.12,26534.52,26218.46,25982.95,27360.36,29269.69,29597.34,28649.6,27887.61,26322.67,23898.16,21963.86
11/27/2012,20489.21,20187.15,19730.56,19734.19,20185.41,21635.56,24233.75,25373.09,25959.36,26174.24,26481.84,27137.45,26742.86,26674.45,26465.02,26885.64,27603.74,29422.02,30023.9,29004.32,28222.22,26137.75,24028.24,22337.95
11/28/2012,21273.49,20552.14,20137.9,20042.9,20498.96,21753.16,24018.33,25861.62,26498.96,26886.61,27234.57,27638.22,27221.94,27196.22,27013.71,26972.42,27887.16,29928.09,30454.66,29430.93,28522.84,27132.48,24827.9,22779.28
11/29/2012,21094.65,20473.11,20027.48,20001.23,20536.37,21787.47,23810.63,25373.85,26156.8,26768.1,26894.55,26603.5,26844.9,26789.6,26506,26332.51,27001.93,29414.8,30307.24,29140.04,28101.43,26698.76,24850.31,22543.12
11/30/2012,21254.99,20382.79,19884.48,19705.48,20196.21,21598.66,23466.76,25293.21,26193.48,26859.99,27269.77,27637.8,26932.07,27081.51,26480.44,26708.97,27099.53,28859.72,29410.23,28266.77,27971.85,26380.46,24782.99,22738.33
12/1/2012,20922.28,19888.26,19150.3,19046.37,19107.04,19663.09,20255.81,21257.05,22436.28,23170.02,23658.43,23815.65,23747.11,23481.42,23268.87,23255.76,24299.13,26260.84,26617.01,26380.04,25176.39,24414.41,22927.03,21521.99
12/2/2012,20373.87,19413.44,18854.58,18548.23,18557.24,18881.63,19058.93,19930.05,21353.81,21800.37,22522.12,23070.44,22784.4,22971.33,22677.71,22806.31,23975.99,26598.71,27187.8,26494.41,26151.3,24908.35,23308.28,21289.84
12/3/2012,19786.79,19185.61,18815.73,18827.93,19407.04,21078.17,22876.34,25121.41,25573.85,26275.52,26739.69,26341.41,26307.54,26307.41,26043.55,26132.48,27291.11,29420.86,29477.81,29039.22,27925.2,26433.53,24204.84,22155.48
12/4/2012,20419.5,19802.82,19214.68,19466.62,19679.21,21174.92,23263.29,24909.86,25537.9,26118.95,26713.41,26846.93,26487.36,26578.52,26346.03,26254.1,27418.79,29398.01,29548.72,29139.04,27786.11,26475.91,24488.18,22587.73
12/5/2012,20704.85,20319.07,19679.43,19711.78,20226.44,21619.38,23832.73,25495.12,26197.53,26209.88,26872.13,26992.3,26951.18,26949.27,26545.41,26264.79,27573.97,29400.57,29485.26,29013.75,27915.16,26651.65,24796.09,22380.42
12/6/2012,20778.58,19893.16,19396.55,19534.86,19844.45,20993.15,22964.52,24625.26,25296.79,25452.54,25892.6,25966.39,25882.65,25809.76,25445.68,25520.45,26221.2,28470.13,28807.17,28684.65,28013.73,26653.18,24468.42,22385.07
12/7/2012,20538.45,19934.22,19356.23,19517.37,19712.11,20846.35,23230.74,24880.68,25412.7,25778.43,26169.63,25983.55,25856.65,25911.7,25759.06,25408.03,26524.7,28289.71,28862.12,28452.28,27151.95,26112.9,24330.07,21978.58
12/8/2012,20722.42,19988.15,19338.99,19452.2,19192.41,19474.66,20457.86,21472.18,22226.85,23090.66,23568.2,23294.3,23053.75,22838.67,22574.77,22461.37,23929.7,26197.82,26675.93,26586.38,25778.99,24946.79,23363.4,21347.36
12/9/2012,20219.63,19250.07,18675.53,18988.75,18766.09,18477.85,19408.51,20211.71,20757.41,21577.43,22018.69,21926.39,21913.27,21870.55,21765.64,21851.41,23441.76,26394.58,26962.27,26886.21,25951.99,24899.42,23193.4,20964.01
12/10/2012,19469.97,19102.64,18621.13,18985.42,19528.47,20495.74,23015.65,24714.12,24996.39,25680.5,26140.02,25983.63,25879.04,25931.23,25698.65,25476.56,26610,28583.39,29014.89,28985.25,27993.52,26469.21,24159,21617.84
12/11/2012,20441.01,19822.75,19274.45,19572.39,19867.8,21131.37,23831.48,25324.6,26129.3,26625.15,26767.01,27005.36,26866.51,26792.9,26637.51,26556.02,27365.49,29133.44,29662.02,29387.53,28653.34,26798.64,24748.52,22299.48
12/12/2012,20600.92,19856.93,19388.72,19425.23,19665.28,21298.73,24220.45,25660.83,26395.73,26529.88,26868.9,26854.29,26705.17,26633.04,26411.28,26265.33,26902.76,28459.32,29184.29,28999.17,28198.32,26921,24913.32,22265.83
12/13/2012,20603.67,20216.22,19273.22,19615.9,19920.87,21218.49,23884.11,25544.21,25970.46,26741.57,26961.87,26709.78,26770.13,26621.6,26388.61,26253.59,27106.4,29139.25,29934.41,29696.91,28726.13,27390.41,25425.22,23359.01
12/14/2012,21596.25,20798.51,20240.29,20388.31,20791.11,22282.38,25409.98,26637.26,27269.51,26462.77,26658.15,26209.22,25950.37,26168.98,25484.59,25271.36,26523.81,28953.75,29220.73,29117.8,28390.27,26754.13,25421.32,23155.36
12/15/2012,21331.16,20661.07,19936.44,20070.14,19888.56,20505.88,22055.37,23067.93,24195.29,24957.98,24952.88,25179.92,25003.62,24717.09,24361.49,24440.79,25347.4,28372.56,29138.44,28533.18,27958.22,26664.67,24819.17,22491.79
12/16/2012,21346.24,20632.34,20054.06,19855.5,19816.7,20180.14,20399.44,21400.98,21949.97,22530.4,22961.33,22753.41,22817.14,22918.27,22633.95,22598.19,24528,27557.68,27827.56,27691.23,27022.62,25943.22,24175.23,21769.11
12/17/2012,20714.04,19987.79,19544.55,19492.4,20070,21063.22,23988.21,25663.42,26514.63,27013.1,27144.96,27191.06,26964.7,26865.73,26587.25,26488.36,27381.17,30149.14,30016.15,29684.19,28896.29,27816.5,25339.6,22565.46
12/18/2012,21097.84,20716.1,19919.31,20152.36,20422.58,22010.08,25146.99,26777.12,27447.62,27780.03,27285.07,27523.56,27142.35,27006.93,26766.05,26746.62,27695.85,30538.02,30611.58,29908.25,29469.2,27993.36,25457.22,23129.56
12/19/2012,21524.88,20898.89,20415.87,20757.52,21104.55,22372.72,25126.1,26690.32,26829.67,27699.63,27367.17,26899.98,26517.77,26379.22,26470.85,26697.29,27462.66,30168.75,30479.56,30269.68,29195.88,27660.64,25558.42,22986.26
12/20/2012,22278.39,21677.75,20826.09,21179.24,21343.79,22595.29,25463.05,26873.5,27332.66,27256.26,26709.8,26688.86,25931.65,26088.11,26004.71,25915.72,26477.04,29760.65,30617.59,30231.39,29081.55,27617.56,25266.69,22811.01
12/21/2012,21924.49,21392.05,20768.83,21071.79,21511.08,22884.01,25475.37,26863.23,27702.8,27618.76,27076.79,27072.95,26464.16,26137.49,25879.26,25854.84,27023.33,29884.38,30363.52,29737.06,28719.73,27840.49,25956.54,23329.1
12/22/2012,22060.73,21141.66,20513.81,20280.65,20273.75,20923.01,21381.54,22714.93,23382.16,24020.65,23817.02,23467.71,22965.19,22602.63,22524.99,23002.56,24031.61,27569.16,28085.74,27543.56,27087.13,26284,24449.3,22477.11
12/23/2012,21225.69,20363.39,19606.69,19496.24,19478.81,19684.85,19991.68,20680.96,21901.66,22209.67,22466.46,22261.95,22310.51,21947.18,21855.92,22431.55,23507.04,27083.28,27855.29,27412.47,26698.41,25375.23,23811.25,22038.3
12/24/2012,20597.46,19545.41,18945.62,18649.03,18942.7,19706.62,20705.98,21408.78,22480.39,23364.74,23433.4,23395.67,23065.13,22624.33,22485.03,22487.74,23540.55,26607.43,26431.35,25754.95,24710.99,24288.09,22703.32,21342
12/25/2012,20309.65,19696.05,18743.31,18703.05,18407.85,18945.72,19666.42,20081.39,20717.67,21314.08,21589.93,21380.52,21204.07,20957.99,20721.53,21067.72,21826.37,24549.21,24910.33,24707.96,24095.43,23267.49,21930.77,20378.24
12/26/2012,20078.46,19345.29,18813.04,18737.37,19272.5,20478.32,22325.32,23659.74,24730.28,24880.52,25409.96,25309.05,24989.98,24830.02,24729.11,24534.87,25743.5,28770.44,28886.69,28297.47,27656.45,26186.58,24193.29,21815.75
12/27/2012,20957.2,20276.1,19730.25,20018.94,20156.93,21106.36,23690.67,24779.48,25380.06,25469.26,25461.29,25235.6,24836.04,24438.29,24378.22,24255.78,25402.12,28777.86,29116.21,28325.61,27602.07,26434.62,24422.36,22118.77
12/28/2012,20632.3,19935.78,19374.95,19677.46,19961.05,21275.3,23263.05,24697.57,24918.45,24898.58,25107.57,24607.07,24226.57,23964.24,23713.59,23653.88,25127.69,27924.59,28225.24,27395.3,26586.29,25337.82,23583.97,21615.9
12/29/2012,20655.43,20224.61,19454.47,19548.56,19334.74,19851.29,20519.58,21220.48,22331.23,22845.25,22816.59,22321.65,22000.61,21670.61,21245.67,21682.45,23129.62,26010.95,26339.65,26265.54,25638.61,24438.41,22936.59,21487.72
12/30/2012,20999.54,20202.55,19422.71,19404.43,19418.97,19835.34,20310.58,20953.64,21841.01,22481.9,22483.56,22108.59,21926.15,21518.13,21507.41,22007.35,23230.59,26689.86,27167.9,26830.81,26001.22,25124.84,23077.61,21532.03
12/31/2012,20911.97,20158.38,19663.7,19771.26,20127.99,21152.94,23130.4,24166.06,24571.3,25117.61,24903.2,24346.58,23922.25,23590.82,23739.51,23646.76,24768.28,27993.39,29064.54,28632.37,27365.85,26279.77,24337.93,22996.89
